OverallQual,GrLivArea,BsmtQual,Neighborhood,KitchenQual,BsmtFinSF1,TotalBsmtSF,1stFlrSF,GarageArea,FullBath,MasVnrArea,ExterQual,YearRemod/Add,MSSubClass,YearBuilt,SalePrice
7,1952,TA,IDOTRR,Gd,354.0,976.0,976,299.0,1,0.0,TA,2005,60,1950,212300
4,960,TA,Edwards,TA,0.0,960.0,960,0.0,1,0.0,TA,1958,20,1958,90000
6,1570,TA,NAmes,TA,958.0,1395.0,1570,441.0,1,187.0,TA,1958,20,1958,166800
5,1120,Gd,Mitchel,TA,206.0,1120.0,1120,0.0,1,0.0,TA,2007,20,2007,147000
7,1501,Gd,Timber,Gd,893.0,1277.0,1501,512.0,2,340.0,Gd,1986,120,1986,241500
6,838,TA,BrkSide,Fa,210.0,816.0,838,275.0,1,0.0,TA,2000,30,1918,130000
4,864,TA,Gilbert,TA,120.0,864.0,864,400.0,1,0.0,TA,1951,20,1951,141000
5,1203,TA,BrkSide,Gd,185.0,709.0,979,352.0,1,161.0,TA,1950,50,1950,110000
4,1005,TA,NAmes,Fa,0.0,1005.0,1005,672.0,1,0.0,TA,1955,20,1955,115000
7,1930,Gd,NWAmes,Gd,758.0,780.0,1085,481.0,2,549.0,TA,1979,60,1979,192000
7,1789,TA,Somerst,TA,681.0,858.0,872,546.0,2,513.0,TA,2001,60,2001,223000
5,1170,TA,NAmes,TA,625.0,1170.0,1170,338.0,1,0.0,TA,1958,20,1958,140000
8,1652,Gd,StoneBr,Ex,1196.0,1494.0,1652,499.0,2,0.0,Gd,2000,120,2000,251000
7,1740,Ex,NridgHt,Gd,0.0,1721.0,1740,874.0,2,206.0,Gd,2006,20,2006,293000
6,1680,Gd,Crawfor,TA,0.0,840.0,840,308.0,2,0.0,TA,1976,70,1915,177000
6,1442,TA,NAmes,TA,608.0,1442.0,1442,301.0,1,243.0,TA,1958,20,1958,157900
4,1540,TA,NAmes,Fa,150.0,1190.0,1040,352.0,1,0.0,TA,1955,50,1955,115000
5,1647,Gd,Crawfor,Gd,1283.0,1430.0,1647,621.0,2,459.0,TA,1977,20,1977,217500
4,960,TA,Edwards,TA,0.0,672.0,960,288.0,1,0.0,TA,1956,20,1956,112000
7,1253,Gd,Gilbert,TA,0.0,1237.0,1253,402.0,2,38.0,TA,1996,20,1995,176000
5,1200,TA,Edwards,TA,352.0,768.0,768,240.0,1,0.0,TA,1995,50,1946,130500
7,2454,TA,OldTown,TA,0.0,819.0,1312,576.0,2,0.0,TA,1987,75,1879,185000
4,1461,TA,NAmes,TA,0.0,832.0,832,384.0,2,0.0,TA,1996,50,1949,133500
8,1685,Gd,Somerst,Gd,0.0,1685.0,1685,658.0,2,298.0,Gd,2006,20,2006,253000
6,1688,Gd,ClearCr,Gd,462.0,616.0,616,603.0,2,0.0,TA,1997,60,1997,200000
5,1214,TA,Edwards,TA,698.0,1214.0,1214,461.0,1,0.0,TA,1965,20,1965,140000
6,1796,TA,NAmes,TA,400.0,780.0,983,483.0,1,415.0,TA,1963,60,1963,140000
5,912,TA,Sawyer,TA,842.0,912.0,912,336.0,1,0.0,TA,1967,20,1967,125000
5,1728,TA,NAmes,TA,625.0,1048.0,1728,576.0,2,70.0,TA,1956,20,1956,177625
5,912,TA,NAmes,Gd,595.0,912.0,912,576.0,1,300.0,TA,2008,20,1965,147000
6,1509,Gd,Timber,Gd,783.0,1461.0,1509,600.0,2,219.0,Gd,1989,80,1988,175000
4,1178,TA,IDOTRR,TA,0.0,859.0,859,384.0,1,0.0,TA,1950,50,1900,102776
7,1145,Gd,Blmngtn,Gd,16.0,1145.0,1145,437.0,2,14.0,Gd,2006,120,2006,160000
6,1827,TA,BrkSide,TA,0.0,848.0,1017,240.0,1,0.0,TA,1996,70,1924,202500
6,987,TA,BrDale,TA,330.0,483.0,483,264.0,1,158.0,TA,1973,160,1973,100000
8,2376,Ex,NridgHt,Gd,0.0,1158.0,1158,853.0,3,380.0,Gd,2006,60,2005,325300
6,2814,Gd,SawyerW,Gd,779.0,1077.0,1093,614.0,2,190.0,Gd,2002,60,1995,260000
5,988,TA,NAmes,TA,725.0,988.0,988,360.0,1,52.0,TA,1966,20,1966,129250
8,1852,Gd,CollgCr,Gd,668.0,1004.0,1004,660.0,2,320.0,Gd,2000,60,1999,230000
7,1628,Gd,Gilbert,TA,284.0,384.0,958,390.0,2,32.0,TA,1997,80,1996,189000
7,1492,Gd,CollgCr,Gd,24.0,1492.0,1492,608.0,2,180.0,Gd,2001,20,2001,201000
6,1368,TA,OldTown,TA,0.0,684.0,684,216.0,1,0.0,TA,1993,70,1910,114504
7,1501,Gd,Timber,Gd,949.0,1501.0,1501,512.0,2,352.0,Gd,1987,120,1987,244000
6,1189,Ex,Mitchel,TA,864.0,1189.0,1189,392.0,2,197.0,TA,1997,120,1997,160500
5,1337,TA,NAmes,Gd,32.0,572.0,1337,264.0,1,0.0,TA,2006,20,1950,141500
5,1210,,NAmes,TA,0.0,0.0,1210,616.0,1,140.0,TA,1953,20,1953,102900
6,1008,TA,NAmes,TA,0.0,1008.0,1008,430.0,1,332.0,TA,1963,20,1963,135000
5,1250,TA,Edwards,Fa,0.0,686.0,686,280.0,1,0.0,TA,1950,50,1918,116000
6,1644,Gd,Gilbert,TA,0.0,941.0,961,460.0,2,0.0,TA,2000,60,1999,185000
5,1360,TA,OldTown,TA,0.0,680.0,680,330.0,1,0.0,TA,2003,70,1910,111000
8,2169,Gd,CollgCr,Gd,0.0,1284.0,1284,647.0,2,149.0,Gd,2002,60,2002,228500
8,1830,Gd,Somerst,Gd,0.0,1302.0,1302,859.0,2,0.0,Gd,2006,60,2006,221300
10,2076,Ex,NridgHt,Ex,1386.0,2076.0,2076,850.0,2,,Ex,2006,20,2006,465000
8,2202,Ex,NoRidge,Gd,335.0,1105.0,1105,517.0,2,309.0,Gd,1993,60,1992,263000
4,765,TA,BrkSide,Gd,188.0,765.0,765,200.0,1,0.0,TA,1950,30,1925,87000
5,2240,,SawyerW,TA,0.0,0.0,1120,528.0,2,0.0,TA,1979,90,1979,142953
3,1605,Fa,OldTown,TA,0.0,840.0,840,379.0,2,0.0,Gd,1950,50,1915,107400
5,894,TA,Sawyer,TA,553.0,894.0,894,336.0,1,0.0,TA,2009,20,1965,138500
8,1646,Ex,Crawfor,Gd,1373.0,1594.0,1646,482.0,2,174.0,Gd,2005,120,2004,275000
5,924,TA,OldTown,TA,292.0,924.0,924,420.0,1,0.0,TA,1952,20,1952,112500
7,2462,Gd,Gilbert,Gd,57.0,1392.0,1392,576.0,2,456.0,Gd,2006,60,2005,320000
7,1382,Gd,Gilbert,TA,189.0,384.0,751,396.0,2,0.0,Gd,1998,80,1998,177500
5,1306,TA,NAmes,TA,860.0,992.0,1306,756.0,1,0.0,TA,2000,20,1957,153000
7,1382,Gd,Somerst,Gd,641.0,673.0,673,490.0,2,0.0,Gd,2000,160,2000,165000
6,1556,TA,NAmes,TA,300.0,782.0,1019,470.0,2,340.0,TA,1950,50,1949,172500
6,1434,TA,NAmes,TA,844.0,1434.0,1434,528.0,2,440.0,TA,1974,20,1974,157000
8,1280,Gd,StoneBr,Gd,263.0,1280.0,1280,506.0,2,0.0,Gd,1992,120,1992,191500
10,2790,Ex,NridgHt,Ex,1082.0,1620.0,1632,1150.0,2,468.0,Ex,2006,60,2005,460000
5,1298,TA,Edwards,TA,626.0,720.0,854,256.0,1,0.0,TA,1950,50,1941,122000
7,1452,Gd,Somerst,Gd,450.0,691.0,713,506.0,2,218.0,Gd,1999,160,1999,183900
6,1672,TA,BrkSide,Gd,521.0,981.0,1014,240.0,1,0.0,TA,1989,50,1940,164900
8,1916,Gd,Mitchel,Gd,615.0,1049.0,1036,741.0,2,0.0,Gd,1999,60,1998,254900
8,1768,Gd,CollgCr,Gd,20.0,866.0,866,578.0,2,0.0,Gd,2007,60,2007,212000
6,1382,TA,NAmes,TA,672.0,1362.0,1382,884.0,1,399.0,TA,1962,80,1962,176000
8,1874,Gd,Somerst,Gd,0.0,1058.0,1058,588.0,2,0.0,Gd,2001,60,2000,220000
5,971,Gd,CollgCr,TA,523.0,971.0,971,300.0,1,0.0,TA,1969,20,1969,128500
8,1489,Gd,Somerst,Gd,0.0,1489.0,1489,776.0,2,0.0,Gd,2006,20,2006,232600
5,1159,TA,Sawyer,TA,673.0,1051.0,1159,336.0,1,188.0,TA,1968,20,1968,158000
5,1214,TA,NAmes,TA,695.0,1214.0,1214,318.0,2,196.0,TA,1967,20,1967,143000
7,1729,Gd,CollgCr,Gd,0.0,860.0,860,542.0,2,214.0,Gd,2002,60,2002,200000
6,1251,Gd,OldTown,Fa,0.0,827.0,827,240.0,1,0.0,TA,2000,45,1938,119000
9,2184,Ex,NridgHt,Ex,936.0,1104.0,1130,836.0,2,154.0,Ex,2008,60,2008,335000
8,2687,Gd,NoRidge,Gd,1173.0,1455.0,1466,810.0,2,150.0,Gd,2000,60,2000,327000
5,1652,Fa,OldTown,TA,686.0,686.0,966,416.0,2,0.0,TA,1950,50,1915,139000
7,1162,Gd,SawyerW,Gd,0.0,1162.0,1162,483.0,2,0.0,Gd,2007,20,2007,170000
3,1040,,NAmes,TA,0.0,0.0,1040,400.0,2,0.0,TA,1950,90,1950,81400
8,2268,Fa,OldTown,Gd,0.0,346.0,1157,624.0,3,0.0,Gd,2002,70,1890,240000
5,1374,TA,Crawfor,TA,0.0,884.0,932,225.0,1,0.0,TA,1950,50,1938,110000
6,1839,TA,Crawfor,Gd,1186.0,1477.0,1839,416.0,2,106.0,TA,2004,20,1957,257500
7,1724,Gd,Edwards,Gd,0.0,796.0,806,616.0,2,190.0,Gd,2004,60,2003,196500
5,894,Gd,CollgCr,TA,663.0,864.0,894,440.0,1,0.0,TA,1974,20,1974,131000
9,1720,Ex,CollgCr,Ex,1104.0,1720.0,1720,846.0,2,364.0,Ex,2008,20,2008,332000
8,1337,Gd,StoneBr,Gd,733.0,1337.0,1337,462.0,2,0.0,Gd,1993,120,1993,180000
5,2337,TA,OldTown,TA,0.0,662.0,1422,560.0,2,0.0,TA,1950,190,1900,90000
5,864,TA,CollgCr,TA,360.0,864.0,864,288.0,1,0.0,TA,1972,20,1972,128500
5,914,Gd,CollgCr,TA,298.0,870.0,914,576.0,1,0.0,Gd,1996,85,1996,148000
8,1861,Gd,Somerst,Gd,0.0,1341.0,1341,851.0,3,156.0,Gd,2007,60,2007,257000
6,1675,Gd,Gilbert,TA,0.0,841.0,892,502.0,2,0.0,TA,1999,60,1999,181000
6,1671,Gd,Gilbert,TA,786.0,959.0,959,472.0,2,0.0,TA,2000,60,2000,173000
5,1422,TA,NAmes,TA,566.0,925.0,1422,576.0,1,0.0,TA,1990,20,1970,155000
5,1306,TA,OldTown,Gd,0.0,240.0,810,472.0,1,0.0,TA,2003,50,1910,130000
7,1428,TA,OldTown,TA,208.0,712.0,848,576.0,1,0.0,TA,1970,70,1900,139900
8,3228,Gd,NoRidge,Gd,1231.0,3200.0,3228,546.0,3,0.0,Gd,1993,20,1992,430000
5,1187,TA,NAmes,TA,311.0,864.0,1187,440.0,1,0.0,TA,1961,20,1961,140500
6,1369,TA,Edwards,TA,551.0,672.0,697,300.0,2,0.0,TA,1950,70,1925,103600
5,969,TA,CollgCr,TA,716.0,969.0,969,440.0,1,0.0,TA,1975,20,1975,122000
5,936,TA,NAmes,TA,734.0,896.0,936,288.0,1,0.0,TA,1962,85,1962,130000
7,2385,Gd,NoRidge,Gd,0.0,1066.0,1108,600.0,2,275.0,Gd,1998,60,1998,252000
6,1328,TA,NWAmes,TA,569.0,1328.0,1328,528.0,1,451.0,TA,1963,20,1963,143000
6,1656,TA,NAmes,TA,639.0,1080.0,1656,528.0,1,112.0,TA,1960,20,1960,215000
5,1176,TA,NAmes,TA,621.0,1176.0,1176,292.0,1,143.0,TA,1957,20,1957,136500
4,924,Gd,Edwards,Fa,348.0,672.0,672,280.0,1,0.0,TA,1950,190,1941,80000
5,2136,TA,NAmes,TA,756.0,2136.0,2136,528.0,2,44.0,TA,1951,20,1951,137900
5,1601,TA,Sawyer,TA,0.0,533.0,1021,300.0,1,0.0,TA,1987,80,1958,140000
8,1776,Ex,Timber,Gd,80.0,1732.0,1776,712.0,2,100.0,Gd,2007,20,2006,283463
9,1666,Ex,NridgHt,Gd,415.0,1666.0,1666,575.0,2,572.0,Ex,2006,120,2006,310090
4,1350,TA,Edwards,TA,799.0,967.0,1350,504.0,1,0.0,TA,1954,20,1954,146000
7,2784,Gd,NWAmes,Gd,790.0,1392.0,1392,564.0,3,184.0,TA,1978,60,1978,250000
5,698,TA,Edwards,TA,0.0,698.0,698,0.0,1,0.0,TA,2008,20,1947,118000
5,970,TA,Sawyer,TA,630.0,970.0,970,624.0,1,0.0,TA,1963,20,1963,132500
6,1337,Gd,NAmes,Gd,930.0,1405.0,1337,522.0,2,0.0,Gd,1998,120,1997,177000
4,1196,TA,IDOTRR,TA,197.0,1196.0,1196,440.0,1,0.0,TA,1990,30,1916,109900
5,1377,TA,NAmes,TA,1098.0,1377.0,1377,351.0,1,0.0,TA,1960,20,1960,156500
5,816,Gd,Mitchel,TA,596.0,816.0,816,264.0,1,0.0,TA,1983,20,1983,139000
4,720,TA,IDOTRR,TA,495.0,720.0,720,0.0,1,0.0,TA,1950,30,1920,34900
7,1530,Ex,StoneBr,Gd,1274.0,1530.0,1530,430.0,2,16.0,Gd,2005,20,2005,260000
6,1100,Gd,SawyerW,TA,0.0,1100.0,1100,0.0,1,0.0,TA,2007,20,2006,146000
7,2263,TA,NWAmes,Gd,795.0,795.0,1468,539.0,2,34.0,TA,1994,60,1977,235000
5,864,TA,Sawyer,TA,864.0,864.0,864,440.0,1,0.0,TA,1961,20,1961,122000
7,1479,TA,NAmes,Gd,626.0,725.0,725,484.0,1,138.0,TA,2004,60,1972,184000
7,1250,Gd,Somerst,Gd,0.0,625.0,625,528.0,2,0.0,Gd,2007,160,2006,164700
5,1044,TA,IDOTRR,Fa,0.0,540.0,1044,504.0,1,0.0,Fa,1952,20,1952,55993
7,1614,Gd,NridgHt,Gd,1178.0,1614.0,1614,878.0,2,210.0,Gd,2006,20,2005,245700
6,1324,TA,OldTown,TA,0.0,662.0,662,180.0,1,0.0,TA,1993,70,1920,122000
5,691,Fa,OldTown,Ex,0.0,691.0,691,216.0,1,0.0,TA,1950,30,1920,86000
4,1294,,OldTown,TA,0.0,0.0,694,0.0,2,0.0,TA,2000,190,1900,106250
7,2149,Ex,Mitchel,Gd,1351.0,1434.0,1518,670.0,1,0.0,Gd,2003,50,2003,239686
7,1098,Gd,Crawfor,TA,246.0,531.0,567,216.0,1,0.0,TA,1995,70,1930,148500
5,1209,Gd,NAmes,TA,1059.0,1209.0,1209,504.0,1,0.0,TA,1966,20,1966,159000
5,1296,TA,SWISU,Fa,133.0,1107.0,1296,260.0,2,203.0,TA,1999,30,1924,104000
6,1604,Gd,Gilbert,TA,851.0,926.0,926,472.0,2,0.0,TA,1998,60,1998,195500
5,1472,TA,OldTown,Gd,0.0,702.0,842,250.0,1,0.0,TA,1994,50,1925,125000
8,2499,TA,Veenker,TA,0.0,392.0,1487,527.0,2,200.0,Gd,1976,80,1976,180500
7,1340,Gd,Gilbert,Gd,24.0,1340.0,1340,396.0,2,0.0,Gd,2007,20,2007,181134
5,1316,Fa,BrkSide,TA,0.0,750.0,960,576.0,1,0.0,TA,1950,50,1926,90000
5,1433,TA,NAmes,TA,915.0,1251.0,1433,441.0,1,0.0,TA,1990,20,1961,161000
5,1074,TA,NAmes,Gd,438.0,894.0,1074,396.0,1,0.0,TA,1956,20,1956,124000
9,2855,Ex,NoRidge,Ex,1182.0,1540.0,1540,774.0,2,877.0,Gd,2000,60,2000,405000
4,1120,TA,Edwards,Fa,0.0,744.0,792,480.0,1,0.0,TA,1950,50,1948,64000
6,2030,TA,NWAmes,Gd,156.0,848.0,1118,551.0,2,298.0,TA,1976,60,1976,195000
6,1682,Gd,CollgCr,Gd,505.0,804.0,804,523.0,2,116.0,TA,1998,60,1998,200500
6,1167,Gd,Gilbert,Gd,560.0,1158.0,1167,400.0,2,106.0,TA,1992,20,1992,173000
7,1892,Gd,Gilbert,TA,544.0,982.0,1008,431.0,2,647.0,Gd,2001,60,2000,226750
5,943,Gd,NAmes,TA,943.0,943.0,943,600.0,1,0.0,TA,1979,90,1979,135960
7,1277,TA,NAmes,TA,778.0,1277.0,1277,526.0,1,0.0,TA,1970,20,1970,167000
5,1313,TA,NAmes,Gd,310.0,1313.0,1313,610.0,1,217.0,TA,1995,20,1961,153000
5,883,Gd,Mitchel,TA,718.0,828.0,883,698.0,1,0.0,TA,1993,85,1992,149000
6,1549,Gd,Somerst,TA,550.0,744.0,757,440.0,2,216.0,TA,1999,160,1999,172900
5,1422,TA,Sawyer,TA,329.0,806.0,1081,288.0,1,41.0,TA,1951,50,1951,137500
6,1478,TA,NAmes,TA,189.0,1478.0,1478,442.0,1,0.0,TA,1957,20,1957,156500
5,1691,TA,SWISU,Gd,218.0,1026.0,1026,308.0,2,0.0,TA,1950,50,1924,127000
7,1459,Gd,CollgCr,Gd,0.0,1459.0,1459,527.0,2,100.0,Gd,2002,20,2002,192000
2,540,TA,IDOTRR,TA,480.0,480.0,540,200.0,1,0.0,TA,1950,30,1941,82000
8,2389,Ex,NridgHt,Gd,0.0,1054.0,1054,672.0,2,0.0,Gd,2006,60,2006,298236
6,958,Gd,NPkVill,TA,120.0,1078.0,958,440.0,2,0.0,TA,1976,120,1976,128000
8,3238,Gd,NoRidge,Gd,816.0,2033.0,2053,666.0,2,579.0,Gd,1996,50,1995,410000
6,848,Gd,CollgCr,Gd,659.0,848.0,848,420.0,1,170.0,Gd,2003,120,2003,131500
6,1196,TA,Edwards,Gd,0.0,684.0,684,528.0,1,0.0,TA,2000,50,1920,110000
9,1612,Ex,StoneBr,Ex,797.0,1612.0,1612,556.0,2,165.0,Gd,2006,120,2006,319900
5,889,TA,Mitchel,TA,647.0,864.0,889,484.0,1,0.0,TA,1984,20,1984,137500
4,1067,Gd,Sawyer,Gd,442.0,1067.0,1067,436.0,2,0.0,TA,1995,20,1950,128000
7,1850,Gd,NoRidge,Gd,595.0,973.0,979,467.0,2,0.0,Gd,1994,60,1994,248000
8,1372,Gd,Somerst,Gd,24.0,1363.0,1372,588.0,2,0.0,Gd,2008,20,2007,212700
4,869,,OldTown,TA,0.0,0.0,869,390.0,1,0.0,TA,1950,20,1948,89900
7,2009,TA,BrkSide,TA,300.0,989.0,1245,400.0,2,0.0,TA,1950,50,1939,150000
6,1196,Gd,NAmes,TA,616.0,1196.0,1196,297.0,1,74.0,TA,1956,20,1956,139000
7,1260,Gd,NWAmes,TA,747.0,1260.0,1260,598.0,2,174.0,Gd,1983,20,1983,181900
7,1573,Gd,CollgCr,Gd,788.0,1573.0,1573,544.0,2,110.0,Gd,2002,20,2002,227000
7,1258,Gd,Gilbert,Gd,0.0,1246.0,1258,462.0,2,0.0,Gd,2007,20,2007,173500
7,2673,Gd,NWAmes,Gd,602.0,1043.0,1539,441.0,2,229.0,TA,1991,60,1980,249000
6,1044,TA,Edwards,TA,504.0,960.0,1044,528.0,1,0.0,TA,1976,80,1976,133500
6,2294,TA,IDOTRR,TA,375.0,741.0,1497,658.0,3,234.0,TA,1963,80,1963,202500
8,2482,Gd,Timber,Gd,0.0,1094.0,1133,642.0,2,245.0,Gd,2006,60,2005,281213
7,2322,Gd,Gilbert,Gd,0.0,1035.0,1082,617.0,3,0.0,Gd,2006,60,2006,287602
5,1238,TA,NAmes,TA,432.0,864.0,1238,357.0,1,0.0,TA,1950,20,1950,102000
4,704,Fa,Sawyer,Fa,0.0,560.0,704,220.0,1,0.0,TA,2001,20,1946,88750
7,1478,Ex,Somerst,Gd,578.0,1470.0,1478,484.0,2,432.0,Ex,2009,20,2009,222000
5,988,TA,Mitchel,TA,0.0,988.0,988,520.0,1,0.0,TA,1954,20,1954,113000
6,848,Gd,CollgCr,Gd,685.0,848.0,848,420.0,1,170.0,Gd,2003,120,2003,140000
5,1015,TA,BrkSide,TA,489.0,768.0,1015,450.0,1,0.0,TA,1950,30,1925,88000
6,1661,TA,NAmes,Gd,831.0,992.0,1661,377.0,1,0.0,TA,1996,80,1955,165500
7,1553,Gd,Somerst,Gd,771.0,1553.0,1553,588.0,2,0.0,Gd,2004,20,2003,234500
4,1200,TA,NAmes,TA,155.0,1200.0,1200,294.0,1,0.0,TA,1956,20,1956,144000
5,2256,TA,OldTown,Fa,0.0,840.0,1128,0.0,2,0.0,TA,1950,190,1910,76500
8,2630,Gd,NoRidge,Gd,986.0,1470.0,1470,696.0,2,473.0,Gd,1998,60,1998,315000
4,901,TA,OldTown,TA,0.0,901.0,901,281.0,1,0.0,TA,2000,20,1954,107900
8,2052,Gd,Mitchel,Gd,445.0,1107.0,1040,642.0,2,0.0,Gd,2001,60,2000,251000
6,1456,Gd,NPkVill,TA,70.0,855.0,855,460.0,2,0.0,TA,1976,160,1976,144000
4,864,TA,OldTown,TA,0.0,576.0,864,528.0,1,0.0,TA,1950,20,1950,105000
5,936,Gd,Edwards,TA,936.0,936.0,936,384.0,1,162.0,TA,1967,85,1967,118500
5,1432,Gd,Veenker,Gd,680.0,1360.0,1432,588.0,1,0.0,TA,1978,80,1978,194000
5,2140,TA,NAmes,TA,388.0,744.0,825,549.0,2,0.0,TA,1965,60,1965,177500
5,1152,TA,NAmes,TA,500.0,1152.0,1152,636.0,1,84.0,TA,1953,20,1953,137500
5,988,TA,NAmes,TA,532.0,988.0,988,264.0,1,0.0,TA,1958,190,1958,119000
5,1464,TA,NAmes,TA,732.0,732.0,732,470.0,1,0.0,TA,1968,60,1968,141000
4,1440,Gd,Edwards,TA,1440.0,1440.0,1440,0.0,2,0.0,TA,1977,90,1977,150000
5,1301,TA,BrkSide,Fa,405.0,1145.0,1301,440.0,1,0.0,TA,1950,30,1924,100000
4,1056,TA,SawyerW,TA,1056.0,1056.0,1056,384.0,1,0.0,TA,1966,20,1966,107000
5,1092,TA,Edwards,TA,609.0,1092.0,1092,264.0,1,0.0,TA,1966,20,1966,123000
7,1690,TA,OldTown,TA,0.0,815.0,815,225.0,1,0.0,TA,1950,75,1916,144000
6,1004,TA,NAmes,TA,578.0,1004.0,1004,480.0,1,180.0,TA,1970,20,1970,149000
5,1784,Gd,Crawfor,TA,0.0,747.0,892,180.0,1,0.0,TA,1950,70,1914,138887
6,1056,TA,OldTown,TA,1056.0,1056.0,1056,576.0,0,0.0,TA,1980,90,1980,144000
7,2034,Gd,CollgCr,Gd,739.0,1057.0,1057,645.0,2,573.0,TA,1998,60,1997,219500
6,1913,TA,Crawfor,TA,0.0,896.0,1172,342.0,1,0.0,TA,1950,50,1928,177000
5,784,TA,BrkSide,Gd,784.0,784.0,784,0.0,1,0.0,TA,1950,45,1924,109500
4,768,TA,Edwards,TA,544.0,768.0,768,355.0,1,0.0,TA,1955,20,1955,125000
7,1502,Gd,NridgHt,Gd,0.0,1502.0,1502,644.0,2,268.0,Gd,2009,20,2009,233170
5,976,TA,IDOTRR,TA,305.0,976.0,976,215.0,1,0.0,TA,1950,30,1942,102000
6,2380,Gd,NAmes,TA,187.0,1021.0,1465,596.0,2,113.0,TA,1979,60,1965,129000
6,1982,TA,Crawfor,TA,454.0,572.0,1182,501.0,2,242.0,TA,1986,80,1986,208000
9,1838,Gd,Timber,Ex,1455.0,1838.0,1838,682.0,2,382.0,Ex,2006,20,2005,359900
5,1426,TA,BrkSide,TA,0.0,966.0,1014,230.0,1,0.0,TA,1992,50,1930,131750
6,2048,TA,Mitchel,TA,0.0,1958.0,2048,776.0,3,0.0,TA,1976,90,1976,170000
6,1400,Gd,SawyerW,TA,331.0,676.0,698,465.0,2,141.0,TA,1986,60,1986,162000
5,1000,Gd,ClearCr,TA,104.0,1000.0,1000,575.0,1,0.0,TA,1963,20,1963,164000
6,1984,TA,OldTown,TA,196.0,1242.0,1242,360.0,2,0.0,TA,1983,60,1910,160000
8,1646,Ex,Crawfor,Gd,1373.0,1594.0,1646,525.0,2,186.0,Gd,2005,120,2004,246000
6,856,TA,SWISU,TA,238.0,856.0,856,399.0,1,0.0,TA,1950,30,1939,126000
4,1701,Fa,OldTown,Fa,0.0,600.0,1101,0.0,2,0.0,Fa,1950,190,1920,94550
6,1285,TA,Mitchel,Gd,679.0,1243.0,1285,473.0,2,0.0,TA,1977,80,1977,190000
7,1689,Gd,Timber,Gd,0.0,1689.0,1689,433.0,2,0.0,Gd,2007,20,2006,231713
4,892,Gd,IDOTRR,Gd,749.0,858.0,892,0.0,1,0.0,TA,1950,85,1923,70000
5,984,TA,Sawyer,TA,53.0,984.0,984,384.0,1,0.0,TA,1963,20,1963,128000
5,1308,TA,Crawfor,TA,428.0,728.0,976,256.0,1,0.0,Gd,1950,50,1940,160000
7,1266,Gd,Blmngtn,Gd,0.0,1266.0,1266,388.0,2,16.0,Gd,2007,20,2007,185485
8,1801,Gd,Gilbert,Gd,0.0,893.0,901,800.0,2,0.0,Gd,2005,60,2005,239900
5,1872,,Mitchel,TA,0.0,0.0,936,484.0,2,0.0,TA,1976,90,1976,100000
6,1509,Gd,Gilbert,Gd,457.0,783.0,807,393.0,2,0.0,Gd,2003,60,2002,183200
5,1362,Gd,Mitchel,TA,732.0,796.0,796,480.0,1,0.0,TA,1995,50,1993,143000
7,1341,Gd,Gilbert,Gd,637.0,1300.0,1341,506.0,1,0.0,TA,1990,20,1990,171500
5,1486,TA,Edwards,TA,637.0,1486.0,1486,480.0,1,0.0,TA,1999,20,1964,167000
8,1718,Ex,CollgCr,Gd,1288.0,1705.0,1718,826.0,2,336.0,Gd,2008,20,2007,297000
6,1218,Gd,Somerst,Gd,27.0,1218.0,1218,676.0,2,0.0,Gd,2009,20,2009,208300
5,1288,Fa,SWISU,TA,384.0,824.0,824,240.0,1,0.0,TA,1950,50,1941,112000
7,1055,Gd,NPkVill,TA,435.0,1057.0,1055,440.0,2,0.0,TA,1975,120,1975,123000
5,1092,Gd,Mitchel,TA,0.0,1092.0,1092,0.0,1,0.0,TA,2008,20,2007,146000
8,1625,Gd,Crawfor,Gd,1573.0,1573.0,1625,495.0,2,473.0,Gd,2007,120,2006,375000
8,1666,TA,OldTown,Gd,0.0,588.0,833,228.0,1,0.0,TA,1996,70,1925,161000
5,888,TA,NAmes,TA,192.0,920.0,888,240.0,1,53.0,TA,1961,20,1961,120000
5,882,TA,NAmes,Gd,148.0,720.0,882,240.0,1,52.0,TA,1952,20,1952,116000
7,1111,TA,OldTown,TA,0.0,572.0,572,288.0,1,0.0,TA,1950,50,1926,116900
8,1935,Gd,Somerst,TA,544.0,832.0,832,552.0,2,110.0,Gd,2009,60,2009,263435
5,840,TA,OldTown,TA,116.0,672.0,840,0.0,1,0.0,TA,1950,45,1930,87000
6,1786,Gd,CollgCr,Gd,648.0,824.0,905,684.0,2,0.0,TA,1997,60,1997,204750
6,1537,TA,NAmes,Gd,0.0,1319.0,1537,462.0,1,237.0,Gd,2005,20,1962,174000
4,672,TA,OldTown,TA,0.0,672.0,672,308.0,1,0.0,Gd,2005,30,1940,86900
5,980,TA,Sawyer,TA,68.0,980.0,980,400.0,1,0.0,TA,1962,20,1962,110000
6,1352,TA,Sawyer,TA,371.0,663.0,663,299.0,1,143.0,TA,1969,60,1969,158000
6,1933,Gd,Somerst,Gd,0.0,894.0,894,668.0,2,74.0,Gd,2007,60,2007,214000
6,976,TA,NAmes,Gd,760.0,976.0,976,504.0,1,203.0,TA,2004,20,1968,157500
8,1616,Gd,StoneBr,Gd,1180.0,1595.0,1616,608.0,2,0.0,Gd,1996,120,1995,236500
5,1355,TA,Edwards,TA,351.0,644.0,808,0.0,2,0.0,TA,1999,190,1940,127500
8,1968,Ex,Timber,Ex,0.0,774.0,774,680.0,2,84.0,Gd,2010,60,2009,269500
9,2020,Ex,NridgHt,Ex,1232.0,2020.0,2020,896.0,2,450.0,Ex,2008,20,2008,404000
6,1603,TA,Crawfor,TA,0.0,784.0,819,599.0,1,0.0,TA,1950,70,1923,138000
8,1848,Gd,Somerst,Gd,484.0,975.0,975,592.0,2,0.0,Gd,2000,60,2000,254000
6,1133,TA,OldTown,TA,96.0,192.0,1133,308.0,1,0.0,TA,2008,20,2008,143000
4,1131,Fa,OldTown,TA,168.0,907.0,1131,672.0,1,435.0,TA,2000,30,1937,89471
5,1510,TA,NAmes,Gd,1010.0,1510.0,1510,517.0,2,268.0,TA,1967,20,1967,178900
6,1525,TA,Gilbert,TA,700.0,813.0,813,400.0,2,0.0,TA,1998,60,1997,183500
7,1939,Gd,CollgCr,Gd,796.0,1054.0,1070,555.0,2,227.0,TA,1998,60,1998,227000
9,3078,Ex,NoRidge,Gd,672.0,1408.0,1671,806.0,2,422.0,Gd,1998,60,1998,410000
5,898,Gd,NAmes,TA,744.0,833.0,898,326.0,1,0.0,TA,1968,85,1968,140000
5,988,TA,NAmes,TA,534.0,876.0,988,276.0,1,0.0,TA,1950,20,1950,119000
6,1381,TA,NWAmes,Gd,982.0,1161.0,1381,676.0,1,0.0,TA,2006,20,1972,197500
3,1588,Fa,OldTown,TA,0.0,448.0,1588,0.0,2,0.0,TA,1992,20,1949,65000
6,1458,Gd,Somerst,TA,419.0,729.0,729,440.0,2,1129.0,TA,1999,160,1999,176000
4,605,TA,Edwards,TA,348.0,528.0,605,0.0,1,0.0,TA,2002,30,1920,86000
5,1150,TA,Edwards,TA,230.0,799.0,799,215.0,1,0.0,TA,1950,50,1942,128000
3,936,Fa,IDOTRR,TA,0.0,216.0,576,0.0,1,0.0,TA,1950,50,1916,78000
5,796,Fa,Edwards,TA,0.0,796.0,796,0.0,1,0.0,TA,1950,30,1910,85000
5,914,TA,NAmes,Ex,81.0,914.0,914,368.0,1,32.0,TA,2002,20,1970,133000
6,1133,TA,NAmes,TA,621.0,795.0,765,900.0,1,0.0,TA,1950,50,1950,128500
6,1232,TA,BrkSide,TA,276.0,600.0,608,217.0,1,0.0,TA,1950,70,1939,128000
5,1716,TA,SWISU,Fa,210.0,780.0,936,0.0,2,0.0,TA,2000,190,1912,135900
5,864,TA,NAmes,TA,648.0,864.0,864,312.0,1,0.0,TA,1967,20,1967,130000
2,407,TA,OldTown,TA,0.0,407.0,407,297.0,1,0.0,TA,1950,20,1946,46500
5,1560,TA,Edwards,TA,546.0,1150.0,1560,313.0,1,259.0,TA,1956,20,1956,103500
7,2104,TA,OldTown,TA,0.0,1226.0,1226,432.0,2,0.0,TA,2005,75,1910,155000
5,1048,,NAmes,TA,0.0,0.0,1048,420.0,1,0.0,TA,1950,20,1950,98300
7,1302,TA,Sawyer,Gd,258.0,680.0,798,224.0,1,0.0,TA,1998,50,1940,165250
5,1680,TA,SWISU,TA,736.0,856.0,936,450.0,2,0.0,TA,1950,190,1910,114900
6,1152,TA,NWAmes,TA,0.0,912.0,1152,412.0,1,41.0,TA,1968,20,1968,143450
5,1200,Gd,IDOTRR,TA,0.0,780.0,780,0.0,1,0.0,TA,1950,50,1930,119000
5,1535,,SawyerW,TA,0.0,0.0,1535,400.0,2,0.0,TA,1979,90,1979,118858
8,2373,Gd,Gilbert,Gd,0.0,1052.0,1052,632.0,2,236.0,Gd,2005,60,2004,258000
7,2021,Ex,Gilbert,Gd,0.0,868.0,887,422.0,2,0.0,Gd,2006,60,2006,274725
7,1740,TA,Crawfor,TA,410.0,800.0,960,240.0,1,0.0,TA,1984,70,1940,219500
4,672,Fa,IDOTRR,TA,0.0,432.0,672,0.0,1,0.0,TA,1950,30,1925,72000
7,1737,Gd,CollgCr,Gd,0.0,851.0,851,578.0,2,0.0,Gd,2006,60,2006,203160
5,1664,,Edwards,TA,0.0,0.0,1664,0.0,2,0.0,TA,1965,90,1965,100000
6,1468,Ex,Somerst,Gd,1414.0,1468.0,1468,528.0,2,0.0,Gd,2005,20,2005,271500
6,1262,Gd,Veenker,TA,978.0,1262.0,1262,460.0,2,0.0,TA,1976,20,1976,181500
8,2006,Gd,NoRidge,Gd,1660.0,1982.0,2006,938.0,2,495.0,Gd,1998,20,1998,350000
5,1050,Gd,NAmes,TA,500.0,1043.0,1050,336.0,1,178.0,TA,1971,20,1971,143000
6,2640,TA,NWAmes,Gd,0.0,932.0,1271,515.0,2,256.0,TA,1997,60,1967,256900
6,1055,Gd,Sawyer,Gd,968.0,1044.0,1055,542.0,1,0.0,TA,2006,20,1973,147000
8,1550,Gd,Somerst,Gd,0.0,1550.0,1550,528.0,2,,Gd,2007,120,2006,207500
7,2061,Gd,NoRidge,Gd,816.0,1070.0,1094,647.0,2,286.0,Gd,1996,60,1995,260000
5,1680,TA,NWAmes,TA,0.0,1680.0,1680,528.0,2,164.0,TA,1976,90,1976,136905
7,1337,Gd,CollgCr,Gd,699.0,1337.0,1337,531.0,2,0.0,Gd,2003,20,2003,185000
6,2521,Gd,MeadowV,TA,837.0,942.0,1291,576.0,2,0.0,TA,1973,160,1973,151400
5,1118,Gd,OldTown,TA,507.0,793.0,793,410.0,1,0.0,TA,1950,190,1939,119900
3,1344,TA,IDOTRR,TA,0.0,536.0,808,0.0,2,0.0,Fa,1950,190,1915,82375
6,1470,Gd,Gilbert,TA,182.0,794.0,794,388.0,2,0.0,TA,1997,60,1997,177000
4,1092,,IDOTRR,Fa,0.0,0.0,372,0.0,2,0.0,Fa,1950,190,1930,55000
4,1573,TA,BrkSide,Gd,0.0,884.0,989,240.0,1,0.0,TA,1995,50,1935,133000
5,1367,TA,Edwards,TA,241.0,861.0,961,384.0,1,0.0,TA,1950,50,1900,119000
7,1662,Gd,Somerst,Ex,1430.0,1652.0,1662,711.0,2,0.0,Gd,2007,20,2006,291000
6,832,TA,NAmes,Gd,0.0,832.0,832,528.0,1,0.0,TA,1954,45,1954,105500
4,1981,TA,SWISU,Gd,622.0,1122.0,1328,576.0,2,0.0,TA,1950,50,1928,135000
8,2524,Gd,NWAmes,Gd,1104.0,2524.0,2524,542.0,2,0.0,Gd,1981,20,1981,278000
5,816,TA,Mitchel,Gd,641.0,816.0,816,264.0,1,0.0,Gd,2008,20,1982,130500
6,1773,TA,NAmes,TA,913.0,1313.0,1773,418.0,2,104.0,TA,1992,20,1961,183000
7,2329,Gd,SawyerW,Gd,1085.0,1475.0,1532,514.0,2,99.0,TA,1990,60,1990,262280
6,1116,TA,NWAmes,TA,888.0,1116.0,1116,528.0,2,196.0,TA,1974,20,1974,167900
5,1536,TA,BrkSide,TA,448.0,928.0,928,480.0,2,0.0,TA,1950,50,1930,138400
7,2046,Gd,NridgHt,Gd,866.0,998.0,1006,871.0,2,292.0,Gd,2004,60,2003,284000
8,1665,Gd,NWAmes,Gd,643.0,810.0,810,528.0,2,0.0,Gd,2001,60,2001,227000
9,1766,Ex,Somerst,Ex,1121.0,1766.0,1766,478.0,2,162.0,Ex,2009,20,2009,370878
7,1200,TA,NAmes,TA,654.0,1174.0,1200,440.0,2,202.0,TA,1966,20,1966,163500
10,2296,Ex,NridgHt,Ex,1338.0,1722.0,1728,842.0,2,420.0,Ex,2008,60,2008,451950
8,2199,Gd,NoRidge,Gd,0.0,1173.0,1182,516.0,2,1290.0,Gd,1997,75,1997,284500
7,2403,TA,ClearCr,TA,0.0,1032.0,1207,349.0,2,0.0,TA,1950,70,1940,244400
7,1430,TA,Gilbert,TA,0.0,384.0,774,410.0,2,0.0,TA,1999,80,1999,168000
5,1928,TA,SWISU,TA,0.0,686.0,948,0.0,2,0.0,TA,1995,190,1916,160000
7,1775,Gd,SawyerW,Gd,513.0,740.0,1006,425.0,2,137.0,Gd,1993,60,1993,213000
5,1828,Gd,IDOTRR,Gd,548.0,859.0,942,,2,0.0,TA,1999,70,1923,150909
6,1632,TA,NWAmes,Gd,400.0,800.0,800,484.0,1,252.0,TA,2000,60,1966,173000
6,1876,TA,NWAmes,Gd,442.0,901.0,943,540.0,2,270.0,Gd,1974,60,1974,185000
8,1179,Gd,StoneBr,TA,248.0,1166.0,1179,480.0,2,0.0,Gd,1988,120,1988,182000
5,1104,TA,NAmes,TA,774.0,1104.0,1104,384.0,1,0.0,TA,1958,20,1956,133000
6,1902,,Sawyer,TA,0.0,0.0,1318,539.0,2,0.0,TA,1978,90,1978,112000
6,1390,Gd,NAmes,Ex,1110.0,1705.0,1390,550.0,1,902.0,TA,1957,20,1957,252000
7,1422,Gd,CollgCr,Gd,0.0,1422.0,1422,626.0,2,106.0,Gd,2004,20,2004,179600
6,1844,Gd,NWAmes,TA,705.0,1844.0,1844,546.0,2,480.0,TA,1977,20,1977,190000
5,1588,TA,NAmes,TA,370.0,768.0,1024,480.0,1,0.0,TA,1967,50,1955,150000
5,864,TA,CollgCr,TA,390.0,864.0,864,352.0,1,0.0,TA,1972,20,1972,127000
8,1584,Gd,Somerst,Ex,0.0,1574.0,1584,594.0,2,0.0,Ex,2007,20,2007,261329
3,1040,,NAmes,TA,0.0,0.0,1040,400.0,2,0.0,TA,1950,90,1950,93500
7,1761,Gd,Somerst,Gd,0.0,874.0,874,578.0,3,0.0,Gd,2007,60,2007,227875
5,1632,TA,Mitchel,TA,496.0,784.0,784,898.0,1,178.0,Gd,1969,60,1969,173000
5,1437,TA,Sawyer,TA,988.0,1188.0,1437,576.0,1,0.0,TA,1987,20,1956,168000
5,1368,Fa,Edwards,TA,1078.0,1078.0,1368,195.0,1,0.0,TA,1950,20,1950,120000
7,1578,Ex,Somerst,Gd,1096.0,1578.0,1578,642.0,2,128.0,Gd,2006,20,2006,240000
5,924,TA,NAmes,TA,0.0,672.0,672,576.0,1,0.0,TA,2006,50,1949,122900
8,3194,Gd,Crawfor,TA,428.0,965.0,1940,380.0,2,0.0,TA,1998,70,1934,359100
3,944,,Edwards,Fa,0.0,0.0,944,528.0,1,0.0,TA,1952,20,1952,82000
6,1953,Gd,ClearCr,Gd,985.0,1580.0,1079,501.0,2,0.0,Gd,1992,60,1992,240000
6,1326,Gd,Gilbert,Gd,0.0,1326.0,1326,427.0,2,0.0,Gd,2006,20,2006,174190
5,672,TA,Sawyer,TA,0.0,672.0,672,240.0,1,0.0,TA,1997,30,1940,108000
7,1301,Gd,Somerst,Gd,0.0,1293.0,1301,572.0,2,0.0,Gd,2006,20,2006,187750
5,1054,TA,Sawyer,TA,0.0,1046.0,1054,240.0,1,0.0,Gd,1993,20,1947,124000
6,1375,TA,NAmes,TA,0.0,1367.0,1375,451.0,1,0.0,TA,1954,20,1954,140000
8,1712,Ex,NridgHt,Gd,1196.0,1712.0,1712,701.0,2,270.0,Gd,2003,20,2002,286500
7,1430,Gd,Gilbert,TA,0.0,384.0,774,400.0,2,0.0,TA,2000,80,2000,170000
6,752,Gd,SawyerW,TA,623.0,744.0,752,264.0,1,0.0,TA,1984,120,1984,125000
5,1551,Fa,SWISU,Fa,930.0,1058.0,1058,240.0,2,0.0,TA,1950,50,1938,137000
7,1367,Gd,NridgHt,Gd,20.0,1367.0,1367,484.0,2,144.0,Gd,2005,120,2005,192000
5,1567,TA,Crawfor,TA,728.0,840.0,840,440.0,1,0.0,TA,1950,50,1940,205000
7,2161,Gd,CollgCr,Gd,0.0,1257.0,1290,570.0,2,227.0,Gd,2001,60,2001,230500
8,2452,Gd,CollgCr,Gd,281.0,1028.0,1210,683.0,2,0.0,Gd,1999,60,1998,267000
5,1150,TA,NAmes,TA,781.0,1150.0,1150,288.0,1,0.0,TA,1961,20,1961,146000
5,1868,TA,NWAmes,Gd,381.0,780.0,1088,484.0,2,44.0,TA,1976,60,1976,197500
5,1154,TA,NAmes,Ex,408.0,864.0,1154,336.0,1,0.0,TA,2006,20,1953,142000
5,999,TA,Sawyer,Gd,588.0,999.0,999,264.0,1,0.0,TA,2001,20,1962,132500
7,1482,TA,OldTown,TA,624.0,650.0,832,324.0,1,0.0,TA,1988,70,1920,143000
5,1125,Gd,Edwards,TA,0.0,1125.0,1125,430.0,1,0.0,TA,2007,20,2006,155000
5,1230,TA,OldTown,TA,0.0,440.0,682,440.0,1,0.0,TA,1981,50,1910,110000
5,941,TA,Sawyer,TA,659.0,912.0,941,288.0,1,0.0,TA,1967,20,1967,129200
4,952,TA,IDOTRR,TA,0.0,756.0,952,330.0,1,0.0,Fa,1950,30,1896,50138
5,1224,Gd,ClearCr,Po,0.0,689.0,725,180.0,1,0.0,TA,1950,50,1917,107500
5,1100,Gd,CollgCr,TA,0.0,1100.0,1100,462.0,1,0.0,TA,1996,20,1996,145000
8,1341,Gd,CollgCr,Gd,915.0,1341.0,1341,482.0,1,158.0,Gd,2000,20,1999,246900
6,1337,Ex,Mitchel,TA,1201.0,1237.0,1337,405.0,2,443.0,TA,1998,120,1998,153500
5,1099,Gd,CollgCr,Gd,0.0,1099.0,1099,352.0,1,0.0,TA,2006,20,1995,144000
5,864,Fa,Edwards,TA,0.0,864.0,864,0.0,1,0.0,TA,1950,30,1922,99900
3,1376,TA,OldTown,TA,0.0,738.0,714,216.0,1,0.0,TA,1950,70,1905,96900
5,999,Gd,Sawyer,TA,925.0,925.0,999,308.0,1,0.0,TA,1963,190,1963,130000
3,840,TA,OldTown,Fa,0.0,798.0,840,250.0,1,0.0,TA,1950,30,1920,64000
6,1032,Gd,Blueste,TA,366.0,516.0,516,462.0,1,0.0,TA,1980,160,1980,116500
7,2068,Gd,BrkSide,Gd,474.0,1108.0,1160,315.0,1,0.0,TA,2005,75,1922,209500
6,1714,Gd,Gilbert,TA,871.0,923.0,947,451.0,2,0.0,TA,2000,60,1999,180000
6,2054,Gd,Gilbert,Gd,695.0,992.0,1022,390.0,2,40.0,Gd,2000,60,2000,244000
6,1561,TA,Crawfor,TA,65.0,1561.0,1561,463.0,2,132.0,TA,1960,20,1960,193000
5,1052,TA,NAmes,TA,1016.0,1052.0,1052,288.0,1,168.0,TA,1968,20,1968,138500
6,1117,TA,Edwards,TA,422.0,1029.0,1117,672.0,1,0.0,TA,1976,80,1976,107000
6,1604,Gd,Gilbert,TA,0.0,926.0,926,470.0,2,0.0,TA,1998,60,1997,181000
6,1256,Gd,Timber,Gd,920.0,1256.0,1256,578.0,2,228.0,Gd,1986,20,1986,180000
5,1360,TA,IDOTRR,Gd,0.0,803.0,803,297.0,1,0.0,TA,1995,50,1938,125500
4,1292,TA,Edwards,Gd,224.0,949.0,949,205.0,1,0.0,TA,2008,30,1923,108000
8,1739,Gd,Somerst,Gd,649.0,970.0,983,480.0,2,456.0,Gd,2000,160,1999,172500
8,1228,Gd,StoneBr,Gd,767.0,1228.0,1228,472.0,2,0.0,Gd,1989,120,1988,189000
9,2798,Ex,StoneBr,Ex,1218.0,1398.0,1414,670.0,3,600.0,Gd,2006,60,2005,457347
5,1422,TA,NAmes,TA,0.0,978.0,1422,286.0,1,0.0,TA,1978,20,1960,139900
5,1336,Gd,NWAmes,TA,553.0,1288.0,1336,502.0,2,128.0,TA,1969,20,1969,163000
3,1163,TA,OldTown,TA,256.0,1162.0,1163,220.0,1,0.0,TA,2005,20,1955,126175
5,1126,TA,Mitchel,TA,936.0,1126.0,1126,484.0,2,0.0,TA,1977,20,1977,160000
6,1367,TA,BrkSide,TA,425.0,884.0,959,560.0,1,0.0,TA,1950,50,1931,127500
5,1904,TA,NAmes,TA,180.0,1208.0,1136,240.0,1,0.0,TA,1982,50,1950,138000
5,1360,TA,Mitchel,TA,119.0,1104.0,1360,336.0,1,194.0,TA,1979,20,1969,140000
7,1725,Gd,CollgCr,Gd,0.0,840.0,840,550.0,2,,Gd,2002,60,2002,198500
8,2400,Gd,NridgHt,Gd,0.0,1082.0,1105,730.0,3,186.0,Gd,2004,60,2003,290000
4,872,TA,NAmes,TA,0.0,858.0,872,480.0,1,0.0,TA,1971,20,1971,123000
6,1279,TA,Mitchel,TA,641.0,1196.0,1279,473.0,2,0.0,TA,1977,20,1977,171500
5,912,TA,NAmes,TA,111.0,912.0,912,297.0,1,0.0,TA,1985,20,1958,120000
5,789,TA,Crawfor,TA,0.0,768.0,789,200.0,1,0.0,TA,1950,45,1926,96500
6,1338,Fa,Edwards,TA,0.0,832.0,846,528.0,2,0.0,TA,1950,50,1915,92000
6,1501,Gd,Gilbert,Gd,518.0,697.0,697,420.0,2,112.0,TA,1994,60,1993,165600
5,1456,Fa,Edwards,TA,0.0,810.0,1002,280.0,1,0.0,TA,1950,50,1948,91500
5,2414,TA,OldTown,TA,664.0,954.0,1766,520.0,2,0.0,TA,1970,190,1900,160000
7,1312,TA,NAmes,TA,637.0,1312.0,1312,495.0,1,125.0,TA,2001,20,1958,186000
7,1902,Gd,Crawfor,Ex,1406.0,1902.0,1902,567.0,2,0.0,Gd,2002,20,1959,335000
6,1334,Gd,NWAmes,TA,686.0,1350.0,1334,630.0,2,360.0,TA,1977,20,1977,167900
5,899,TA,OldTown,TA,0.0,481.0,899,200.0,1,0.0,TA,1950,30,1910,78000
5,1280,TA,NAmes,TA,602.0,793.0,1280,432.0,2,87.0,TA,1966,85,1966,175000
5,1676,TA,Mitchel,Gd,1112.0,1160.0,1676,672.0,1,0.0,TA,1994,20,1977,196000
4,1093,TA,OldTown,TA,0.0,869.0,1093,308.0,1,0.0,TA,2006,20,1958,115500
7,1426,TA,Crawfor,Gd,0.0,912.0,912,216.0,1,0.0,Gd,1998,50,1918,189950
9,2690,Ex,NridgHt,Ex,986.0,1365.0,1365,864.0,2,0.0,Gd,2009,60,2009,398800
7,1812,Gd,SawyerW,Gd,0.0,835.0,871,478.0,2,0.0,Gd,2004,60,2004,193000
9,1866,Gd,NridgHt,Ex,372.0,1858.0,1866,870.0,2,492.0,Ex,2008,120,2008,336860
5,872,TA,Sawyer,Fa,0.0,872.0,872,322.0,1,65.0,TA,1950,30,1924,105000
7,2291,Gd,Gilbert,Gd,0.0,975.0,1005,429.0,2,302.0,Gd,1999,60,1999,230000
8,2000,Gd,CollgCr,Gd,1464.0,2000.0,2000,888.0,2,246.0,Gd,2005,20,2004,305900
6,1520,TA,NAmes,TA,674.0,1156.0,1520,364.0,1,164.0,TA,1972,80,1955,153000
8,2161,Ex,NridgHt,Ex,1288.0,1582.0,1610,789.0,1,300.0,Gd,2007,60,2007,325624
7,2172,Ex,NridgHt,Gd,0.0,1063.0,1071,947.0,2,350.0,Gd,2006,60,2006,280000
5,866,TA,OldTown,Gd,329.0,686.0,866,0.0,1,0.0,TA,1997,30,1945,110500
5,2640,TA,OldTown,TA,1018.0,2171.0,1392,1008.0,2,0.0,TA,1975,190,1925,180000
7,1055,TA,NPkVill,TA,120.0,1055.0,1055,319.0,2,0.0,TA,1976,120,1976,137500
9,2589,Ex,NridgHt,Ex,1369.0,1738.0,1738,831.0,2,215.0,Gd,2006,60,2006,412083
5,1020,TA,Sawyer,TA,544.0,1024.0,1020,288.0,2,0.0,TA,1965,20,1965,124100
5,1327,TA,NAmes,Gd,405.0,1063.0,1327,624.0,1,0.0,TA,2002,20,1959,150750
5,1126,Gd,Sawyer,TA,104.0,1060.0,1126,506.0,1,0.0,TA,1984,85,1984,152000
5,954,TA,CollgCr,TA,483.0,911.0,954,576.0,1,0.0,TA,1976,80,1976,132500
7,1452,Gd,Somerst,Gd,549.0,691.0,713,506.0,2,218.0,Gd,1999,160,1999,156000
7,1718,Gd,Gilbert,TA,0.0,832.0,885,427.0,2,40.0,TA,1998,60,1998,185000
8,2349,Gd,NoRidge,Gd,250.0,1231.0,1251,762.0,2,504.0,Gd,1993,60,1993,362500
7,1709,Gd,Edwards,Gd,0.0,970.0,970,380.0,2,50.0,Gd,2004,160,2004,137500
5,1652,TA,Mitchel,TA,149.0,1652.0,1652,928.0,2,0.0,TA,1970,90,1970,146500
7,1682,TA,NWAmes,TA,0.0,1304.0,1682,530.0,2,288.0,TA,1970,20,1970,174000
5,1111,TA,Edwards,TA,236.0,616.0,616,200.0,1,0.0,TA,1950,50,1941,95000
5,1499,TA,OldTown,TA,445.0,904.0,904,869.0,1,0.0,TA,1950,50,1946,140000
6,1651,Gd,Timber,TA,1398.0,1606.0,1651,616.0,2,132.0,TA,1986,20,1986,184000
6,1664,TA,Mitchel,TA,0.0,1664.0,1664,616.0,2,0.0,TA,1978,90,1978,145000
7,1696,Gd,Crawfor,TA,434.0,1696.0,1696,625.0,2,652.0,TA,1971,20,1971,198000
5,1447,Fa,OldTown,TA,0.0,801.0,801,0.0,1,0.0,TA,1950,50,1910,103000
8,1976,Gd,NoRidge,Gd,791.0,1044.0,1079,885.0,2,242.0,Gd,1998,60,1998,286000
8,1659,Gd,StoneBr,Ex,1158.0,1501.0,1659,499.0,2,0.0,Gd,2000,120,2000,278000
5,1040,Gd,CollgCr,TA,539.0,1040.0,1040,748.0,1,0.0,TA,1977,20,1977,134900
4,1092,TA,MeadowV,TA,252.0,546.0,546,253.0,1,0.0,TA,1972,160,1972,85500
6,948,TA,BrDale,TA,276.0,483.0,483,264.0,1,504.0,TA,1972,160,1972,89000
7,1546,Gd,CollgCr,Gd,20.0,1546.0,1546,796.0,2,204.0,Gd,2006,20,2005,217000
5,890,TA,Sawyer,TA,890.0,890.0,890,308.0,1,0.0,TA,1968,190,1968,115000
6,1499,Gd,CollgCr,Gd,0.0,781.0,795,473.0,2,68.0,Gd,1995,60,1995,187000
6,1716,TA,BrkSide,Gd,0.0,810.0,1170,672.0,2,0.0,TA,2004,50,1915,162500
5,990,Gd,CollgCr,TA,716.0,990.0,990,576.0,1,0.0,TA,1995,20,1995,156000
7,1962,Gd,CollgCr,Gd,464.0,1391.0,1391,868.0,2,0.0,Gd,2006,60,2006,239799
7,1506,Gd,Blmngtn,Gd,16.0,1362.0,1506,440.0,2,145.0,Gd,2005,120,2005,213490
7,1314,Gd,NridgHt,Gd,904.0,1314.0,1314,626.0,2,166.0,Gd,2008,120,2007,230000
5,1112,TA,Crawfor,TA,154.0,1112.0,1112,390.0,1,0.0,TA,1954,20,1954,144800
5,1114,TA,NAmes,TA,0.0,1114.0,1114,451.0,1,0.0,TA,1961,20,1961,140000
5,672,Fa,OldTown,TA,0.0,672.0,672,256.0,1,0.0,TA,1950,30,1940,64000
6,1326,Gd,Gilbert,Gd,918.0,1326.0,1326,388.0,2,0.0,TA,2005,20,2005,203000
8,1704,Ex,NridgHt,Gd,1218.0,1704.0,1704,772.0,2,200.0,Gd,2008,20,2007,306000
6,1414,Gd,NAmes,TA,528.0,1184.0,1414,601.0,1,0.0,Ex,2002,20,1958,176500
4,1296,,Sawyer,TA,0.0,0.0,1296,516.0,2,0.0,TA,1967,90,1967,90000
7,1446,Gd,Gilbert,TA,604.0,729.0,729,406.0,2,0.0,TA,1997,60,1996,175000
6,1092,TA,BrDale,TA,312.0,525.0,525,264.0,1,567.0,TA,1973,160,1973,113500
5,1696,TA,Sawyer,TA,0.0,1140.0,1696,349.0,1,0.0,TA,1962,20,1962,143900
6,1650,Gd,Timber,TA,909.0,1632.0,1650,518.0,1,0.0,TA,1958,20,1958,250764
8,1544,Gd,NridgHt,Gd,0.0,1544.0,1544,868.0,2,256.0,Gd,2010,20,2009,290941
7,1405,Gd,NridgHt,Gd,1000.0,1405.0,1405,478.0,2,235.0,Gd,2003,120,2003,200000
4,1844,TA,OldTown,TA,48.0,709.0,1157,240.0,1,771.0,TA,1954,50,1900,80400
5,1582,TA,BrkSide,TA,273.0,952.0,994,250.0,2,0.0,TA,1950,50,1938,150000
7,1733,Gd,Gilbert,Gd,0.0,847.0,847,433.0,2,0.0,Gd,2003,60,2003,225000
7,1045,TA,NAmes,TA,809.0,1045.0,1045,528.0,1,0.0,TA,1962,20,1962,120000
8,2285,Gd,NoRidge,Gd,0.0,969.0,997,648.0,2,72.0,Gd,2000,60,2000,248000
5,1202,TA,NAmes,TA,435.0,1202.0,1202,304.0,1,0.0,TA,1956,20,1956,120000
6,1050,TA,NAmes,Gd,824.0,1050.0,1050,286.0,1,176.0,TA,2000,20,1954,156000
4,720,Fa,OldTown,Fa,0.0,448.0,448,280.0,1,0.0,TA,1998,50,1900,86900
7,3493,TA,OldTown,Gd,0.0,1470.0,1675,870.0,3,0.0,TA,2002,75,1880,295000
6,1489,TA,NWAmes,Gd,0.0,1489.0,1489,462.0,2,0.0,TA,1968,20,1968,185750
5,1145,Gd,NAmes,TA,271.0,301.0,1145,684.0,1,0.0,TA,1956,80,1956,127000
5,816,TA,NAmes,TA,708.0,816.0,816,308.0,1,0.0,TA,1957,20,1957,129900
5,1604,TA,Edwards,TA,408.0,984.0,984,660.0,2,0.0,TA,1960,50,1941,117000
6,1416,TA,NWAmes,TA,404.0,708.0,708,776.0,2,420.0,TA,1968,60,1968,179900
6,1639,TA,Edwards,Gd,342.0,747.0,892,240.0,1,0.0,TA,1950,60,1946,154400
5,1287,TA,NAmes,Gd,72.0,1063.0,1287,576.0,1,0.0,TA,2006,20,1959,162000
7,1479,Gd,CollgCr,Gd,0.0,1468.0,1479,577.0,2,125.0,Gd,2000,20,1999,191000
8,1780,Gd,Timber,Gd,770.0,920.0,920,612.0,2,0.0,Gd,2007,60,2007,264966
8,1646,Gd,Timber,Gd,0.0,1638.0,1646,870.0,2,274.0,Gd,2007,20,2006,248900
7,1720,Gd,NoRidge,Gd,919.0,1720.0,1720,527.0,2,338.0,Gd,1996,20,1996,260400
5,768,Gd,CollgCr,TA,656.0,768.0,768,396.0,1,0.0,TA,2007,85,1972,133000
5,2654,Gd,Sawyer,TA,267.0,671.0,1567,638.0,3,356.0,TA,1996,60,1920,158000
6,914,Gd,Edwards,Gd,475.0,914.0,914,0.0,1,,TA,2002,20,2002,117250
9,2748,Ex,NridgHt,Ex,1420.0,1850.0,1850,850.0,2,270.0,Gd,2006,60,2006,390000
7,1598,Gd,Gilbert,Gd,0.0,848.0,848,433.0,2,0.0,Gd,2005,60,2004,201490
5,1728,TA,Sawyer,TA,1332.0,1728.0,1728,504.0,2,336.0,TA,1963,90,1963,125000
7,2157,TA,NAmes,Gd,445.0,924.0,1216,487.0,2,309.0,TA,1966,60,1966,226000
6,1515,Gd,Gilbert,Gd,0.0,789.0,813,393.0,2,0.0,Gd,2004,60,2004,179000
8,1269,Gd,Blmngtn,Gd,24.0,1256.0,1269,430.0,2,16.0,Gd,2005,120,2004,192000
5,1582,TA,ClearCr,TA,812.0,1624.0,1582,390.0,2,621.0,TA,1964,20,1964,190000
8,1696,Gd,Somerst,Gd,0.0,1696.0,1696,972.0,2,240.0,Gd,2008,20,2008,275000
5,1200,Gd,Edwards,TA,1200.0,1200.0,1200,0.0,3,0.0,TA,1988,90,1987,179000
7,1352,Ex,Somerst,Gd,0.0,1352.0,1352,466.0,2,0.0,Gd,2007,120,2006,208900
6,1652,TA,NAmes,Gd,1386.0,1592.0,1652,510.0,1,136.0,TA,1991,20,1959,200000
8,2362,Ex,Somerst,Gd,901.0,1220.0,1220,1105.0,2,0.0,Gd,1998,60,1998,312500
5,816,TA,Mitchel,TA,534.0,816.0,816,264.0,1,0.0,TA,1983,20,1983,128500
5,970,Gd,Mitchel,TA,337.0,912.0,970,0.0,1,0.0,TA,1992,85,1992,132000
5,1226,,Crawfor,TA,0.0,0.0,1226,400.0,1,0.0,TA,1951,20,1951,153500
6,1611,TA,NAmes,TA,674.0,780.0,798,442.0,1,360.0,TA,1964,60,1964,167900
5,1216,TA,NAmes,TA,996.0,1056.0,1216,280.0,1,144.0,TA,1951,20,1951,135000
7,1344,Gd,Mitchel,TA,1309.0,1344.0,1344,784.0,2,200.0,TA,1998,90,1997,206300
5,1473,TA,ClearCr,Ex,1324.0,1437.0,1473,452.0,1,0.0,TA,2003,20,1968,143000
5,1560,TA,Edwards,TA,612.0,1776.0,1560,528.0,2,96.0,TA,1962,80,1962,182000
6,1128,TA,Gilbert,TA,550.0,1302.0,1128,480.0,1,138.0,TA,1964,20,1964,154204
5,1600,TA,NAmes,TA,1277.0,1484.0,1600,319.0,1,0.0,TA,1997,20,1957,207500
8,2198,Gd,NoRidge,Gd,655.0,1145.0,1145,836.0,2,350.0,Gd,2000,60,2000,250000
7,2267,TA,Sawyer,TA,288.0,1005.0,1262,498.0,1,0.0,TA,1980,70,1937,219000
7,2097,Gd,SawyerW,Gd,50.0,1080.0,1080,678.0,2,0.0,Gd,1993,60,1993,228000
5,1573,TA,BrkSide,TA,0.0,1078.0,1128,360.0,2,0.0,TA,1992,50,1930,162900
5,1040,TA,Sawyer,TA,249.0,1040.0,1040,264.0,1,442.0,TA,1966,20,1966,123000
8,1504,Gd,Somerst,Gd,0.0,1504.0,1504,510.0,2,60.0,Gd,2006,20,2006,199000
7,1502,Gd,Crawfor,TA,0.0,776.0,851,270.0,1,0.0,TA,2000,70,1931,149000
8,1648,Ex,Crawfor,Ex,1476.0,1596.0,1648,525.0,2,186.0,Ex,2008,120,2007,294464
7,1646,Ex,Crawfor,Ex,1474.0,1594.0,1646,482.0,2,174.0,Gd,2005,120,2004,250000
5,1040,Gd,MeadowV,TA,769.0,1040.0,1040,499.0,1,0.0,TA,1975,120,1975,124000
8,1288,Gd,Veenker,Ex,786.0,1260.0,1288,500.0,1,0.0,Gd,1996,120,1996,245500
4,1344,TA,MeadowV,TA,0.0,546.0,798,0.0,1,0.0,TA,2008,160,1970,97000
4,936,Fa,Edwards,TA,0.0,624.0,624,265.0,1,0.0,TA,1950,50,1948,97900
5,1057,TA,Edwards,Gd,0.0,1057.0,1057,288.0,1,164.0,TA,1999,20,1955,137000
4,864,TA,NAmes,TA,524.0,864.0,864,576.0,1,0.0,TA,1971,20,1971,97000
6,1724,Gd,NWAmes,TA,528.0,1680.0,1724,480.0,1,359.0,TA,1976,80,1967,197900
6,2237,Gd,Timber,Gd,462.0,712.0,1375,440.0,2,0.0,TA,2006,60,1980,204000
5,886,Fa,OldTown,TA,0.0,190.0,886,273.0,1,0.0,TA,1996,30,1938,91300
9,2822,Ex,NridgHt,Ex,0.0,1734.0,1734,1020.0,3,424.0,Ex,2009,60,2008,582933
5,2177,TA,Crawfor,TA,375.0,1032.0,1102,484.0,2,430.0,TA,1991,90,1950,215000
5,1264,TA,NAmes,TA,697.0,1268.0,1264,461.0,1,324.0,TA,1960,20,1960,167500
6,1244,TA,NAmes,TA,777.0,1244.0,1244,336.0,1,0.0,TA,1957,20,1957,150000
7,1818,TA,IDOTRR,TA,224.0,1040.0,1226,240.0,1,600.0,TA,1950,50,1931,169500
8,1719,Gd,Veenker,Gd,1619.0,1719.0,1719,473.0,1,0.0,Gd,1993,120,1993,324000
6,1329,TA,NAmes,Gd,923.0,1329.0,1329,312.0,1,108.0,TA,1958,20,1958,172000
4,1620,TA,Sawyer,TA,1116.0,1281.0,1620,490.0,2,0.0,TA,1993,20,1976,150000
6,1324,TA,NAmes,TA,643.0,1088.0,1324,440.0,2,101.0,TA,1965,20,1965,160000
6,882,Fa,NAmes,TA,564.0,882.0,882,502.0,1,0.0,TA,1956,20,1956,124500
6,1177,Gd,NWAmes,Gd,781.0,1153.0,1177,495.0,2,98.0,TA,1984,20,1984,151500
7,1582,Gd,CollgCr,Gd,490.0,770.0,770,520.0,2,0.0,Gd,2004,60,2004,185900
6,1680,Gd,Crawfor,Gd,808.0,880.0,1680,540.0,2,260.0,Gd,2007,20,1988,222000
7,1661,Gd,CollgCr,Gd,0.0,1649.0,1661,598.0,2,442.0,TA,1998,20,1998,224900
6,1707,TA,NWAmes,TA,832.0,1140.0,1707,479.0,2,144.0,TA,1998,20,1978,184000
7,1458,Gd,Gilbert,Gd,0.0,608.0,608,454.0,2,44.0,TA,2007,60,2006,168165
3,640,,Edwards,TA,0.0,0.0,640,240.0,1,0.0,TA,2007,30,1945,84900
7,1389,TA,OldTown,TA,0.0,651.0,707,240.0,1,0.0,TA,1992,60,1946,135000
7,1368,Gd,Mitchel,TA,1243.0,1288.0,1368,784.0,2,200.0,TA,1997,90,1997,215000
6,1802,Gd,SawyerW,Gd,860.0,946.0,964,1017.0,2,85.0,Gd,1993,60,1993,218000
6,2180,TA,IDOTRR,TA,375.0,1138.0,1138,720.0,1,0.0,TA,1950,50,1915,161000
8,1419,Gd,Gilbert,Gd,353.0,408.0,779,527.0,2,0.0,Gd,2002,80,2002,184100
8,1646,Gd,Timber,Gd,1513.0,1638.0,1646,800.0,2,338.0,Gd,2008,20,2007,293077
4,630,Gd,MeadowV,TA,495.0,630.0,630,0.0,1,0.0,TA,1972,180,1972,81000
6,1298,TA,Crawfor,TA,113.0,651.0,759,240.0,2,0.0,TA,2005,50,1921,146500
3,894,TA,IDOTRR,TA,0.0,894.0,894,1248.0,1,0.0,Fa,1950,30,1935,81000
8,1491,Ex,Mitchel,Gd,0.0,1491.0,1491,490.0,2,0.0,Gd,2001,20,2001,209000
8,1496,Gd,Somerst,Gd,0.0,1496.0,1496,474.0,2,140.0,Gd,2007,20,2007,225000
7,1302,Gd,Gilbert,Gd,0.0,1302.0,1302,436.0,2,0.0,Gd,2007,20,2007,176485
7,1222,Gd,CollgCr,Gd,24.0,1222.0,1222,615.0,2,80.0,Gd,2010,20,2010,187000
6,1441,TA,NPkVill,TA,311.0,855.0,855,440.0,2,0.0,TA,1978,160,1978,148500
6,1217,Gd,SawyerW,TA,0.0,626.0,626,288.0,1,0.0,TA,1980,160,1980,120000
6,1425,TA,NAmes,TA,490.0,1425.0,1425,576.0,2,272.0,TA,1964,20,1964,180500
5,1072,TA,BrkSide,TA,134.0,1072.0,1072,1184.0,1,0.0,TA,1950,30,1925,126500
6,1034,TA,Mitchel,TA,539.0,1012.0,1034,888.0,1,335.0,TA,1976,80,1976,169900
5,1268,TA,SWISU,TA,832.0,832.0,832,250.0,1,88.0,TA,1950,50,1938,160000
6,1710,Gd,SawyerW,Gd,426.0,832.0,832,506.0,2,120.0,Gd,1993,60,1993,187000
6,848,Gd,CollgCr,Gd,662.0,848.0,848,420.0,1,205.0,Gd,2004,120,2004,145000
5,864,TA,Edwards,TA,167.0,864.0,864,572.0,1,0.0,TA,1990,20,1955,115000
8,3279,Gd,StoneBr,Ex,1416.0,1650.0,1690,841.0,3,603.0,Ex,2003,60,2003,538000
4,912,,BrkSide,TA,0.0,0.0,672,0.0,1,0.0,TA,1950,50,1947,80500
6,1432,TA,BrkSide,Gd,0.0,1022.0,1432,216.0,1,0.0,TA,1950,30,1923,149000
7,1494,Gd,CollgCr,Gd,922.0,1494.0,1494,530.0,2,99.0,Gd,2002,20,2002,221000
5,1235,TA,NAmes,TA,600.0,1235.0,1235,480.0,1,203.0,TA,1961,20,1961,98600
6,1636,Gd,Gilbert,TA,138.0,916.0,916,386.0,2,0.0,TA,1996,60,1996,173000
7,1190,Gd,CollgCr,Gd,709.0,1169.0,1190,578.0,2,0.0,Gd,2005,20,2005,173500
6,1716,Gd,Somerst,Gd,0.0,858.0,858,615.0,2,0.0,Gd,2005,60,2005,200825
7,1248,Gd,Blmngtn,Gd,16.0,1248.0,1248,438.0,2,16.0,Gd,2006,120,2005,167240
8,1360,Gd,StoneBr,Gd,1036.0,1220.0,1360,565.0,1,0.0,Gd,1984,120,1984,187500
6,1218,TA,BrDale,TA,0.0,672.0,672,0.0,1,236.0,TA,1971,160,1971,91500
8,1566,TA,OldTown,Gd,0.0,930.0,930,288.0,2,0.0,Gd,2003,70,1900,150000
8,1682,Ex,StoneBr,Gd,656.0,1664.0,1682,528.0,1,0.0,Gd,1997,120,1997,247900
7,1242,TA,NWAmes,TA,916.0,1242.0,1242,528.0,1,320.0,TA,1973,20,1973,175500
6,1165,TA,NAmes,TA,312.0,1127.0,1165,490.0,1,183.0,TA,1966,80,1966,174900
7,1548,Gd,Blmngtn,Gd,1059.0,1365.0,1548,388.0,2,18.0,Gd,2004,120,2004,225000
4,1049,Po,IDOTRR,TA,0.0,356.0,671,195.0,1,0.0,TA,2000,50,1910,80900
6,1114,Gd,SawyerW,Gd,814.0,1114.0,1114,576.0,1,0.0,TA,2004,20,2003,155000
4,1363,Fa,OldTown,TA,0.0,622.0,741,528.0,1,0.0,TA,1950,70,1910,125500
5,1113,TA,NAmes,Gd,607.0,1113.0,1113,264.0,1,0.0,Gd,2007,20,1950,147000
7,1220,Gd,CollgCr,Gd,684.0,1199.0,1220,632.0,2,84.0,Gd,2006,20,2006,194000
5,1625,TA,NWAmes,TA,0.0,1625.0,1625,484.0,2,0.0,TA,1965,90,1965,140500
5,925,TA,NAmes,Gd,114.0,925.0,925,252.0,1,0.0,TA,2003,20,1956,127000
5,1009,TA,CollgCr,TA,755.0,995.0,1009,576.0,2,51.0,TA,1977,80,1977,160000
6,1505,TA,NAmes,TA,1024.0,1505.0,1505,505.0,1,90.0,TA,1953,20,1953,149500
5,2200,TA,Edwards,TA,1084.0,1272.0,1272,0.0,2,0.0,TA,2003,90,1900,145900
5,884,TA,NAmes,TA,741.0,884.0,884,270.0,1,0.0,TA,1991,20,1951,142000
8,1337,Gd,StoneBr,Gd,319.0,1337.0,1337,462.0,2,0.0,Gd,1989,120,1989,188500
6,1961,Ex,Mitchel,Gd,690.0,804.0,804,560.0,2,0.0,TA,2002,60,2001,215000
6,1602,Gd,NWAmes,Gd,1246.0,1602.0,1602,529.0,2,126.0,Gd,2000,20,1977,215000
6,1200,Gd,CollgCr,Gd,334.0,1200.0,1200,521.0,2,0.0,Gd,1995,20,1995,177500
5,882,TA,CollgCr,TA,138.0,882.0,882,461.0,1,0.0,TA,1972,20,1972,112500
5,925,TA,NAmes,TA,338.0,925.0,925,429.0,1,0.0,TA,1965,20,1965,117500
6,1176,TA,BrkSide,TA,0.0,698.0,786,624.0,1,0.0,Gd,2000,50,1937,134900
6,1764,Gd,CollgCr,Gd,821.0,928.0,928,470.0,2,0.0,TA,1997,60,1997,231500
6,1378,TA,OldTown,Gd,0.0,901.0,861,162.0,1,0.0,TA,1998,50,1935,128900
8,1592,Gd,CollgCr,Gd,408.0,1556.0,1592,484.0,2,519.0,Gd,1995,20,1994,228000
7,2207,Gd,NAmes,TA,912.0,1947.0,2207,576.0,2,287.0,TA,1989,20,1970,180000
5,1144,TA,NAmes,TA,856.0,1169.0,1144,286.0,1,164.0,Gd,1956,20,1956,150000
5,2432,TA,Mitchel,TA,0.0,1216.0,1216,616.0,4,0.0,TA,1986,90,1985,159000
6,1285,TA,Sawyer,TA,0.0,660.0,1285,528.0,1,148.0,TA,1977,20,1977,143500
5,1365,TA,BrDale,Gd,402.0,765.0,765,440.0,1,200.0,TA,1973,160,1973,125500
8,1992,Ex,Somerst,Gd,0.0,1053.0,1053,648.0,2,768.0,Gd,2004,60,2003,250000
5,894,TA,Sawyer,TA,762.0,864.0,894,440.0,1,0.0,TA,1974,20,1974,142500
5,999,TA,NAmes,TA,784.0,925.0,999,300.0,1,0.0,TA,1962,85,1962,134500
7,2640,TA,OldTown,Gd,0.0,1240.0,1320,864.0,1,0.0,Gd,2003,70,1880,265979
8,1582,Ex,NridgHt,Gd,1012.0,1582.0,1582,905.0,2,302.0,Gd,2007,20,2007,317500
8,1338,Gd,Somerst,Gd,24.0,1338.0,1338,598.0,2,0.0,Gd,2007,20,2007,208900
6,1362,Gd,NridgHt,Gd,762.0,1362.0,1362,460.0,2,256.0,Gd,2006,120,2005,207000
5,1144,TA,NAmes,TA,0.0,1144.0,1144,336.0,1,69.0,TA,1960,20,1960,120000
5,819,TA,IDOTRR,Gd,0.0,610.0,819,0.0,1,0.0,TA,1950,30,1919,72000
8,2097,Ex,Somerst,Ex,1721.0,2077.0,2097,1134.0,1,0.0,Gd,2006,20,2005,423000
7,1665,Gd,Somerst,Gd,0.0,813.0,822,562.0,2,,Gd,2007,60,2007,205950
6,1560,Gd,Gilbert,Gd,0.0,684.0,684,400.0,2,0.0,Gd,2005,60,2005,174000
5,1440,TA,NAmes,Gd,1053.0,1248.0,1440,480.0,2,0.0,TA,1998,20,1959,185000
6,1266,TA,SawyerW,TA,0.0,630.0,630,283.0,1,0.0,TA,1980,160,1980,128000
6,1403,Gd,Timber,Gd,1136.0,1381.0,1403,470.0,2,0.0,Gd,2000,20,2000,202000
2,480,TA,IDOTRR,TA,50.0,480.0,480,308.0,0,0.0,TA,1950,20,1949,35311
6,1660,TA,Crawfor,TA,326.0,715.0,849,240.0,1,0.0,TA,1995,70,1934,188700
8,1460,Ex,Somerst,Gd,666.0,1460.0,1460,480.0,2,,Gd,2007,20,2006,247000
7,1511,Gd,Blmngtn,Gd,1038.0,1368.0,1511,398.0,2,40.0,Gd,2002,120,2002,246990
6,1797,Gd,Mitchel,Gd,944.0,1152.0,1152,616.0,2,0.0,Gd,1994,60,1993,231000
5,1560,TA,NAmes,TA,0.0,1560.0,1560,484.0,2,260.0,TA,1958,90,1958,128600
8,1795,Ex,Somerst,Gd,0.0,1795.0,1795,895.0,2,428.0,Gd,2007,20,2006,147000
8,2494,Gd,NoRidge,Gd,380.0,1290.0,1305,803.0,2,501.0,Gd,1995,60,1994,321000
6,1069,Gd,NPkVill,TA,727.0,1069.0,1069,440.0,2,0.0,TA,1975,120,1975,146300
7,2032,Ex,Mitchel,Gd,700.0,1840.0,2032,786.0,3,668.0,Gd,1997,20,1996,300000
7,1616,Gd,Somerst,Gd,0.0,1616.0,1616,834.0,2,228.0,Gd,2005,20,2005,232000
7,1290,Gd,CollgCr,Gd,902.0,1282.0,1290,662.0,2,0.0,Gd,2007,20,2007,200000
7,1504,Gd,Blmngtn,Gd,16.0,1346.0,1504,437.0,2,14.0,Gd,2006,120,2005,191000
5,1196,Gd,Edwards,TA,1070.0,1196.0,1196,336.0,1,0.0,TA,1968,20,1968,144000
5,1440,TA,NAmes,TA,360.0,720.0,720,480.0,1,0.0,TA,1964,60,1964,157500
6,848,Gd,CollgCr,Gd,685.0,848.0,848,420.0,1,170.0,Gd,2004,120,2003,144000
6,1512,Gd,Somerst,Gd,466.0,756.0,756,440.0,2,1159.0,Gd,2000,160,2000,177000
6,1316,TA,Crawfor,TA,379.0,644.0,672,369.0,1,0.0,TA,1950,70,1926,145000
6,1822,TA,SawyerW,Gd,0.0,1105.0,1105,515.0,2,0.0,TA,1984,50,1984,228500
5,955,TA,Sawyer,TA,763.0,955.0,955,386.0,1,0.0,TA,1966,20,1966,127000
8,1226,Gd,Greens,Gd,1052.0,1226.0,1226,484.0,1,0.0,Gd,1978,120,1978,206000
5,894,TA,CollgCr,TA,894.0,894.0,894,552.0,1,0.0,TA,1972,20,1972,149900
6,1090,Fa,IDOTRR,TA,0.0,720.0,760,240.0,1,0.0,TA,2006,50,1940,120000
4,1092,TA,MeadowV,TA,0.0,546.0,546,0.0,1,0.0,TA,1970,160,1970,79500
6,1293,TA,NAmes,TA,468.0,1178.0,1293,452.0,2,28.0,TA,1954,20,1954,149900
5,2020,,SawyerW,TA,0.0,0.0,2020,630.0,2,320.0,TA,1977,90,1977,144000
8,2541,Ex,StoneBr,Ex,986.0,1149.0,1164,729.0,3,146.0,Gd,2005,60,2005,349265
5,1040,TA,Sawyer,TA,812.0,1040.0,1040,686.0,1,0.0,TA,1968,20,1968,145000
8,1646,Ex,Crawfor,Gd,1564.0,1594.0,1646,525.0,2,186.0,Gd,2005,120,2004,300000
6,936,Ex,Mitchel,TA,16.0,920.0,936,460.0,0,134.0,TA,1997,120,1996,140000
8,1088,Gd,StoneBr,Gd,0.0,1074.0,1088,461.0,1,0.0,Gd,1986,120,1986,170000
5,1408,Gd,Edwards,TA,611.0,734.0,734,489.0,2,0.0,TA,2006,60,2005,171500
6,1288,TA,OldTown,Ex,0.0,624.0,664,280.0,1,0.0,TA,2007,70,1917,119000
7,2084,Gd,SawyerW,Gd,656.0,956.0,956,618.0,2,0.0,Gd,2004,60,2004,233000
6,1575,Gd,SawyerW,Gd,430.0,1575.0,1575,529.0,2,0.0,Gd,1992,120,1992,179200
5,954,Fa,Crawfor,Fa,0.0,920.0,954,240.0,1,0.0,TA,1950,30,1938,119750
5,1024,TA,Sawyer,TA,712.0,1024.0,1024,308.0,1,0.0,TA,1965,20,1965,120875
4,1436,Gd,Edwards,TA,173.0,676.0,760,528.0,2,0.0,TA,2000,70,1910,98000
7,2256,Gd,Gilbert,Gd,300.0,952.0,980,554.0,2,0.0,Gd,2000,60,2000,236000
9,1668,Gd,CollgCr,Gd,1059.0,1626.0,1668,702.0,2,215.0,Gd,2002,20,2002,285000
4,1361,Po,IDOTRR,TA,0.0,173.0,825,185.0,1,0.0,TA,1950,70,1895,89000
6,1302,Gd,NAmes,Gd,270.0,1302.0,1302,309.0,2,108.0,TA,1991,80,1964,158000
7,1954,TA,Crawfor,Gd,341.0,798.0,1137,431.0,1,312.0,Gd,2006,50,1939,311500
7,1295,,GrnHill,Gd,0.0,0.0,1295,312.0,2,0.0,Gd,1986,120,1986,230000
4,1204,Ex,Edwards,TA,0.0,416.0,1204,312.0,1,0.0,TA,1954,80,1954,100000
6,1427,TA,NWAmes,TA,828.0,1427.0,1427,516.0,2,0.0,TA,1969,80,1969,183000
9,2091,Ex,NridgHt,Ex,1290.0,1606.0,1625,521.0,2,385.0,Ex,2006,60,2005,338500
5,864,TA,NAmes,Gd,398.0,864.0,864,720.0,1,0.0,TA,2002,20,1950,129000
5,1440,TA,OldTown,TA,0.0,540.0,889,352.0,1,0.0,TA,1950,50,1900,79000
5,1750,Fa,OldTown,Ex,0.0,636.0,1089,240.0,1,0.0,TA,1991,70,1880,124000
5,1302,TA,BrDale,TA,231.0,630.0,630,264.0,2,268.0,TA,1972,160,1972,119500
5,1112,TA,Edwards,TA,0.0,585.0,687,226.0,2,0.0,TA,1950,50,1934,63000
5,2620,Gd,Sawyer,TA,498.0,1361.0,1361,600.0,2,1.0,TA,1977,90,1977,190000
8,1020,Gd,Blueste,TA,577.0,1004.0,1020,509.0,1,0.0,TA,1988,120,1988,200000
7,1492,Gd,Gilbert,Gd,0.0,738.0,738,440.0,2,0.0,Gd,2006,60,2006,185101
7,1200,Gd,Somerst,Gd,368.0,600.0,600,480.0,2,0.0,Gd,2005,160,2004,149500
7,1820,TA,BrkSide,TA,329.0,1026.0,1133,240.0,2,0.0,TA,1950,50,1925,184000
5,935,TA,Sawyer,TA,560.0,935.0,935,288.0,1,114.0,TA,1965,20,1965,137000
7,1944,TA,OldTown,TA,0.0,672.0,1272,216.0,2,0.0,TA,1994,70,1915,179900
7,2787,Ex,SawyerW,TA,820.0,1168.0,1168,820.0,4,23.0,TA,2000,90,2000,269500
4,1382,TA,Sawyer,TA,547.0,1051.0,1382,459.0,1,51.0,TA,1979,20,1963,148000
8,2551,Gd,NoRidge,Gd,1181.0,1779.0,1779,925.0,2,515.0,Gd,1998,60,1997,384500
6,1664,Gd,Gilbert,TA,0.0,953.0,953,460.0,2,0.0,TA,2000,60,2000,172400
8,1652,Ex,Crawfor,Gd,1480.0,1600.0,1652,482.0,2,186.0,Ex,2008,120,2008,392500
5,1376,TA,NAmes,TA,368.0,768.0,968,240.0,1,0.0,TA,1950,50,1941,105000
5,1111,TA,IDOTRR,Fa,0.0,530.0,581,288.0,1,0.0,TA,1996,75,1920,101000
4,1337,TA,NAmes,TA,0.0,832.0,832,263.0,1,0.0,TA,1956,50,1956,108000
6,1284,Gd,NWAmes,TA,256.0,1284.0,1284,480.0,2,0.0,TA,1984,20,1984,174000
4,948,TA,Edwards,TA,732.0,948.0,948,280.0,1,0.0,TA,1954,20,1954,119000
7,2013,Gd,NoRidge,TA,862.0,1117.0,1127,455.0,2,0.0,Gd,1997,60,1996,269790
5,1330,Fa,IDOTRR,TA,0.0,396.0,665,390.0,1,0.0,Fa,2004,70,1910,116500
5,1558,TA,OldTown,TA,421.0,690.0,868,400.0,1,0.0,TA,1950,70,1939,150000
7,1232,Gd,CollgCr,Gd,724.0,1232.0,1232,632.0,2,82.0,Gd,2007,20,2007,194500
6,2358,TA,ClearCr,TA,0.0,907.0,1307,360.0,3,0.0,TA,1997,50,1908,240000
6,2320,TA,Crawfor,Gd,774.0,1028.0,1436,180.0,2,0.0,TA,2002,70,1945,259500
8,1312,Ex,Timber,Gd,250.0,1267.0,1312,471.0,2,86.0,Gd,2001,20,2001,180500
5,1178,Gd,Mitchel,TA,1090.0,1090.0,1178,502.0,1,0.0,TA,2003,20,1976,135000
9,1944,Ex,NridgHt,Ex,1274.0,1896.0,1944,708.0,2,0.0,Gd,2004,20,2003,360000
4,861,Fa,OldTown,TA,0.0,861.0,861,288.0,1,0.0,TA,1950,30,1920,80000
7,1402,Ex,Blmngtn,Gd,0.0,1258.0,1402,648.0,0,72.0,Gd,2007,120,2006,194201
7,2039,TA,NAmes,TA,0.0,929.0,2039,791.0,1,0.0,Gd,1963,30,1941,167000
6,1229,Gd,Blueste,TA,0.0,561.0,561,462.0,1,0.0,TA,1980,160,1980,121000
5,938,Gd,CollgCr,TA,280.0,938.0,938,308.0,1,0.0,TA,1980,20,1975,130250
7,2080,Gd,Crawfor,Gd,0.0,1276.0,1276,282.0,1,0.0,Gd,2004,70,1926,234000
10,2492,Ex,NridgHt,Ex,2146.0,2492.0,2492,949.0,2,730.0,Ex,2005,20,2004,552000
5,1022,Fa,OldTown,Fa,782.0,1022.0,1022,184.0,1,0.0,TA,1950,30,1922,89500
4,1073,TA,IDOTRR,TA,967.0,1073.0,1073,720.0,1,0.0,TA,1980,20,1957,140000
10,2042,Ex,StoneBr,Ex,1152.0,1742.0,2042,724.0,2,250.0,Ex,2007,20,2006,455000
6,1395,TA,NAmes,TA,717.0,1395.0,1395,440.0,1,218.0,TA,1984,20,1963,192000
6,904,TA,BrkSide,TA,0.0,884.0,904,180.0,1,0.0,Gd,2004,45,1926,119000
6,1210,TA,Mitchel,TA,576.0,1128.0,1210,528.0,2,257.0,TA,1975,80,1975,148000
5,1143,TA,BrkSide,TA,406.0,1008.0,1143,288.0,1,0.0,Gd,1983,30,1928,138000
4,882,TA,NAmes,TA,804.0,882.0,882,525.0,1,0.0,TA,1970,20,1970,126000
5,1588,Gd,Somerst,Gd,0.0,725.0,725,561.0,3,0.0,Gd,2007,60,2007,212109
7,1344,TA,OldTown,Gd,336.0,672.0,672,456.0,1,0.0,TA,1990,70,1929,140000
6,1093,TA,NWAmes,TA,792.0,1093.0,1093,484.0,2,0.0,TA,1966,20,1966,158500
9,1884,Ex,StoneBr,Ex,1337.0,1884.0,1884,670.0,2,296.0,Ex,2004,20,2004,387000
6,2614,TA,NWAmes,TA,956.0,1522.0,1548,624.0,2,0.0,TA,1997,60,1974,240000
8,1710,Ex,NridgHt,Gd,1400.0,1710.0,1710,866.0,2,436.0,Gd,2008,20,2007,372402
6,1456,TA,NPkVill,Gd,514.0,855.0,855,440.0,2,0.0,TA,1975,160,1975,149900
5,864,TA,CollgCr,Ex,671.0,864.0,864,576.0,1,0.0,TA,2000,20,1972,127000
5,1797,TA,NAmes,TA,1127.0,1617.0,1797,963.0,1,302.0,TA,1957,20,1957,169000
7,2022,Gd,ClearCr,TA,392.0,1160.0,1156,505.0,2,299.0,TA,1977,60,1977,192000
9,1698,Ex,NridgHt,Ex,110.0,1698.0,1698,730.0,2,615.0,Gd,2005,20,2005,275000
6,1003,TA,Mitchel,TA,819.0,1003.0,1003,588.0,1,0.0,TA,1984,80,1984,142500
7,1873,Gd,CollgCr,Gd,342.0,988.0,988,597.0,2,0.0,Gd,1999,60,1999,235500
5,864,TA,NAmes,TA,521.0,864.0,864,624.0,1,0.0,TA,1958,20,1958,129900
7,2514,Gd,Timber,TA,1216.0,1216.0,1298,693.0,2,0.0,TA,1991,60,1990,250000
5,1365,TA,BrDale,TA,471.0,765.0,765,440.0,1,376.0,TA,1971,160,1971,122500
5,1041,TA,NAmes,TA,991.0,1041.0,1041,270.0,1,132.0,TA,1959,20,1959,124500
6,1617,Gd,SawyerW,Gd,165.0,1604.0,1617,533.0,2,0.0,Gd,1994,120,1993,193000
7,1337,Gd,NAmes,Gd,1051.0,1405.0,1337,511.0,2,0.0,Gd,1999,120,1999,184000
8,1836,Ex,NridgHt,Gd,1039.0,1836.0,1836,862.0,2,42.0,Gd,2005,20,2004,280000
6,1141,Gd,SawyerW,TA,0.0,1141.0,1141,484.0,1,0.0,Gd,2005,20,2005,142500
7,1686,Gd,SawyerW,Gd,0.0,891.0,891,462.0,2,172.0,Gd,2005,60,2005,184000
8,2794,Gd,NoRidge,Ex,689.0,1462.0,1490,810.0,2,506.0,Gd,1996,60,1995,403000
6,1320,TA,NAmes,TA,315.0,768.0,819,576.0,2,0.0,TA,1950,50,1948,138000
6,1484,TA,OldTown,TA,0.0,742.0,742,0.0,2,0.0,TA,2001,75,1914,128000
5,887,TA,Mitchel,TA,516.0,864.0,887,288.0,1,0.0,TA,1984,20,1984,124500
4,1663,Gd,ClearCr,Gd,1116.0,1364.0,1663,529.0,1,0.0,TA,1994,20,1954,256000
2,1086,Fa,OldTown,TA,0.0,723.0,723,400.0,1,0.0,Fa,1950,70,1920,55000
5,1144,TA,Edwards,TA,739.0,1144.0,1144,596.0,1,0.0,TA,1956,20,1956,129000
6,784,Fa,SawyerW,TA,0.0,784.0,784,360.0,1,0.0,TA,1950,45,1928,76000
8,1448,Gd,Somerst,Gd,24.0,1372.0,1448,692.0,2,238.0,Gd,2007,20,2006,238500
7,1992,Gd,CollgCr,Gd,762.0,860.0,1212,608.0,2,254.0,Gd,2002,60,1996,211000
5,950,TA,NAmes,TA,624.0,984.0,950,400.0,1,0.0,TA,1953,20,1953,130000
5,864,Gd,Sawyer,TA,489.0,864.0,864,276.0,1,0.0,TA,1963,20,1963,119916
5,1576,TA,BrkSide,Gd,1309.0,1324.0,1072,528.0,1,0.0,TA,2004,70,1923,223500
5,875,TA,BrkSide,TA,209.0,715.0,875,180.0,1,0.0,TA,1993,30,1931,105000
5,1005,TA,NAmes,TA,488.0,1005.0,1005,319.0,1,0.0,TA,1956,20,1956,133500
7,2035,Gd,Gilbert,Gd,0.0,884.0,884,434.0,2,180.0,Gd,2001,60,2001,222500
6,988,TA,NAmes,Gd,708.0,988.0,988,297.0,2,0.0,Gd,1998,20,1959,149500
5,1728,TA,NAmes,TA,231.0,1728.0,1728,576.0,2,108.0,TA,1965,90,1965,142600
6,1635,TA,OldTown,Gd,0.0,485.0,1001,255.0,1,0.0,TA,2003,50,1910,117000
5,1568,TA,NAmes,TA,0.0,1568.0,1568,440.0,1,0.0,TA,1967,20,1967,143000
10,2775,TA,OldTown,Gd,0.0,1237.0,1521,880.0,3,0.0,Ex,2000,75,1893,325000
5,1518,TA,Edwards,Fa,1035.0,1580.0,1518,0.0,1,0.0,TA,2007,30,1940,260000
6,816,TA,NAmes,TA,574.0,816.0,816,240.0,1,0.0,TA,1950,30,1934,129800
5,936,TA,NAmes,TA,486.0,936.0,936,240.0,1,0.0,TA,1975,20,1954,121000
7,1352,Ex,Somerst,Gd,937.0,1352.0,1352,466.0,2,0.0,Gd,2007,120,2006,194000
5,1595,Gd,Mitchel,TA,55.0,1582.0,1595,672.0,2,0.0,TA,1991,20,1991,152000
7,1734,Gd,CollgCr,Gd,1300.0,1734.0,1734,660.0,2,0.0,Gd,2005,20,2005,260000
6,1081,TA,NAmes,TA,697.0,1081.0,1081,401.0,1,276.0,TA,1993,20,1960,148000
7,1228,TA,Crawfor,TA,0.0,600.0,628,215.0,1,0.0,TA,1990,70,1918,137000
7,1027,TA,OldTown,Gd,0.0,931.0,1027,0.0,1,0.0,Gd,2006,30,1920,120000
7,1621,Gd,NWAmes,Gd,213.0,1208.0,1621,440.0,2,0.0,Gd,1998,20,1984,202500
7,1552,Gd,CollgCr,Gd,24.0,1552.0,1552,782.0,2,196.0,Gd,2006,20,2005,212900
5,912,TA,Sawyer,Gd,216.0,912.0,912,315.0,1,0.0,TA,1966,20,1966,129000
8,1204,Gd,StoneBr,TA,0.0,1191.0,1204,461.0,2,0.0,TA,1987,120,1987,130000
8,2140,Gd,CollgCr,Gd,0.0,2140.0,2140,894.0,2,0.0,Gd,2007,20,2006,360000
6,2683,Gd,NoRidge,Gd,704.0,930.0,1364,473.0,2,304.0,Gd,1991,60,1990,290000
7,2212,Gd,Gilbert,Gd,60.0,1700.0,1700,773.0,2,248.0,Gd,2006,60,2005,309000
4,1452,TA,OldTown,TA,0.0,736.0,736,0.0,2,0.0,TA,2008,190,1920,113000
6,1336,TA,NAmes,TA,203.0,1121.0,1336,488.0,1,632.0,TA,1958,20,1958,162000
4,864,TA,NAmes,TA,600.0,864.0,864,576.0,1,0.0,TA,1972,20,1972,111250
6,1930,TA,IDOTRR,TA,522.0,720.0,1146,316.0,2,0.0,TA,1950,70,1927,149000
5,1786,TA,Timber,TA,1249.0,1499.0,1619,529.0,2,0.0,TA,1965,190,1965,228950
5,796,Gd,Mitchel,TA,796.0,796.0,796,0.0,1,0.0,TA,1971,85,1971,138000
5,908,TA,NAmes,TA,130.0,822.0,908,512.0,1,0.0,TA,1996,45,1940,138500
8,1590,Gd,Somerst,Gd,0.0,768.0,786,676.0,2,0.0,Gd,2008,60,2008,210000
6,1564,Gd,SawyerW,TA,0.0,650.0,888,476.0,2,130.0,TA,1981,60,1980,171000
3,713,TA,OldTown,Gd,0.0,713.0,713,371.0,1,0.0,TA,2001,30,1930,99800
5,882,,OldTown,TA,0.0,0.0,882,308.0,1,0.0,TA,1956,20,1956,97000
8,1414,Ex,Gilbert,Gd,0.0,707.0,707,403.0,2,0.0,Gd,2004,60,2004,178000
7,1564,TA,Crawfor,Fa,275.0,704.0,860,234.0,1,0.0,TA,1950,70,1941,174500
8,1615,Gd,CollgCr,Gd,0.0,1615.0,1615,864.0,2,156.0,Gd,2007,20,2007,248500
4,864,TA,NAmes,TA,616.0,864.0,864,528.0,1,0.0,TA,1971,20,1971,120500
3,1077,TA,IDOTRR,TA,0.0,1007.0,1077,210.0,1,0.0,TA,1950,30,1922,91000
7,1768,Gd,Somerst,Gd,400.0,866.0,866,603.0,2,0.0,Gd,2005,60,2005,226700
5,972,TA,NAmes,TA,648.0,972.0,972,305.0,1,0.0,TA,1955,20,1955,122500
5,1867,TA,ClearCr,TA,379.0,1617.0,1867,303.0,1,0.0,Gd,1993,20,1955,190000
4,1092,TA,MeadowV,TA,0.0,546.0,546,0.0,1,0.0,TA,1970,160,1970,88250
8,1338,Gd,StoneBr,Gd,616.0,1338.0,1338,582.0,2,0.0,Gd,2001,120,2001,213500
7,1692,Ex,Timber,Gd,0.0,846.0,846,650.0,2,0.0,TA,2009,60,2009,224500
7,1759,Gd,ClearCr,Gd,800.0,1449.0,944,525.0,2,0.0,Gd,1993,60,1992,233500
2,800,TA,BrkSide,Fa,0.0,264.0,800,0.0,1,0.0,Fa,1950,30,1936,60000
5,1273,TA,Crawfor,TA,793.0,1273.0,1273,307.0,1,0.0,TA,1960,20,1960,155000
7,1555,Gd,Blmngtn,Gd,16.0,1373.0,1555,430.0,2,16.0,Gd,2006,120,2005,192500
6,720,TA,OldTown,TA,0.0,624.0,720,484.0,1,0.0,TA,2003,30,1928,105900
5,900,TA,NAmes,Gd,234.0,900.0,900,576.0,1,0.0,TA,2000,20,1951,134800
5,1242,TA,NAmes,TA,739.0,1242.0,1242,324.0,1,0.0,TA,1960,20,1960,152000
6,1306,Gd,NridgHt,Gd,881.0,1306.0,1306,624.0,2,135.0,Gd,2005,120,2005,184500
7,2060,Gd,Gilbert,Gd,772.0,992.0,1022,390.0,2,298.0,Gd,1999,60,1999,214000
6,1254,TA,NAmes,TA,600.0,1218.0,1254,525.0,1,291.0,TA,1961,80,1961,158500
9,2786,Gd,NoRidge,Gd,520.0,1848.0,1827,636.0,2,568.0,Gd,1994,60,1993,372500
7,1668,TA,BrkSide,Gd,0.0,672.0,1195,252.0,1,0.0,TA,1950,50,1945,108000
5,1090,Ex,Edwards,TA,980.0,1090.0,1090,450.0,1,0.0,TA,2006,20,2005,157000
8,2078,Ex,Somerst,Ex,789.0,1034.0,1050,836.0,2,100.0,Gd,2008,60,2007,339750
8,1989,Gd,CollgCr,Gd,932.0,1065.0,1091,586.0,2,210.0,Gd,2002,60,2002,255000
8,1786,Ex,CollgCr,Gd,1538.0,1778.0,1786,715.0,2,240.0,Gd,2003,20,2002,300000
6,1690,Gd,Gilbert,TA,0.0,924.0,948,463.0,2,0.0,TA,2000,60,2000,181000
5,967,TA,OldTown,TA,0.0,967.0,967,180.0,1,0.0,TA,1990,30,1920,99900
6,1032,Gd,NWAmes,TA,605.0,1032.0,1032,564.0,2,233.0,TA,1978,80,1978,148000
6,1220,TA,NWAmes,TA,492.0,1625.0,1220,944.0,2,176.0,TA,1971,20,1971,170000
7,1720,Gd,Gilbert,Gd,0.0,840.0,840,400.0,2,0.0,Gd,2003,60,2002,188000
5,1134,TA,Edwards,TA,312.0,756.0,756,240.0,1,0.0,TA,1950,50,1940,126000
5,1322,TA,BrkSide,TA,48.0,672.0,899,280.0,1,0.0,TA,1952,50,1939,132000
5,1142,Gd,MeadowV,TA,874.0,1142.0,1142,528.0,1,0.0,TA,1976,120,1976,134000
5,1224,TA,Mitchel,TA,1224.0,1224.0,1224,576.0,1,0.0,TA,1996,20,1960,131000
8,1939,Gd,Somerst,Gd,0.0,1095.0,1095,1053.0,2,0.0,Gd,2006,60,2006,266000
4,1092,TA,MeadowV,TA,176.0,546.0,546,0.0,1,0.0,TA,1970,160,1970,76000
8,1629,Gd,NridgHt,Gd,1124.0,3206.0,1629,880.0,2,296.0,Gd,2004,20,2003,284000
7,1270,Gd,CollgCr,Gd,0.0,1270.0,1270,524.0,2,0.0,Gd,2006,20,2005,175900
7,1241,Gd,Somerst,Gd,1106.0,1241.0,1241,569.0,1,,Gd,2007,120,2006,199900
7,1501,Gd,CollgCr,Gd,679.0,1490.0,1501,577.0,2,183.0,Gd,1999,20,1999,204000
6,1498,Gd,Gilbert,TA,592.0,691.0,691,409.0,2,0.0,TA,1996,60,1995,187500
7,854,TA,BrkSide,TA,0.0,832.0,854,576.0,1,0.0,TA,2001,45,1929,132000
7,1418,Gd,CollgCr,Gd,1308.0,1418.0,1418,558.0,2,150.0,TA,1998,20,1997,226001
6,1252,TA,NAmes,Gd,0.0,1252.0,1252,528.0,1,243.0,Gd,1959,20,1959,142000
5,2601,TA,SWISU,TA,0.0,612.0,990,621.0,3,0.0,TA,1998,70,1921,189000
7,1394,Gd,Gilbert,Gd,0.0,384.0,754,400.0,2,,Gd,2003,80,2003,165500
5,900,TA,Sawyer,TA,450.0,882.0,900,280.0,1,31.0,TA,1967,20,1967,122000
7,1356,Gd,CollgCr,Gd,0.0,628.0,628,484.0,2,0.0,Gd,2007,60,2007,177439
5,1717,Gd,Crawfor,TA,602.0,901.0,1125,410.0,1,0.0,TA,1950,50,1940,194000
4,1440,TA,Edwards,Fa,133.0,1440.0,1440,0.0,2,270.0,TA,1955,90,1955,118000
6,1689,TA,Edwards,TA,0.0,1436.0,1689,480.0,1,0.0,TA,1956,20,1956,127500
6,1642,TA,OldTown,TA,196.0,728.0,914,374.0,1,0.0,TA,1950,70,1927,145000
9,2121,Ex,NridgHt,Ex,0.0,2121.0,2121,732.0,2,315.0,Ex,2007,20,2006,415298
7,1374,Gd,Gilbert,Gd,326.0,384.0,744,400.0,2,0.0,Gd,2004,80,2004,184500
7,1453,Gd,ClearCr,Gd,1082.0,1453.0,1453,445.0,1,0.0,TA,1986,120,1986,190000
5,928,TA,OldTown,TA,308.0,928.0,928,288.0,1,0.0,TA,1957,20,1957,112500
9,2656,Ex,NridgHt,Ex,1304.0,1934.0,1943,1040.0,2,456.0,Ex,2007,60,2007,492000
9,1842,Ex,Veenker,Gd,1810.0,1842.0,1842,894.0,0,0.0,Gd,1987,20,1981,385000
7,1982,Gd,SawyerW,Gd,421.0,807.0,1175,575.0,2,340.0,Gd,1989,60,1989,228500
8,1324,Gd,NridgHt,Gd,24.0,1324.0,1324,550.0,2,176.0,Gd,2006,120,2006,221370
6,1716,TA,NAmes,TA,319.0,858.0,858,490.0,1,318.0,TA,1962,60,1962,171000
6,1891,Gd,NWAmes,TA,687.0,1224.0,1287,678.0,3,0.0,TA,1978,50,1978,212500
6,1609,TA,Edwards,TA,468.0,1000.0,1068,305.0,1,0.0,TA,1953,50,1953,149900
8,1280,Gd,StoneBr,Gd,0.0,1280.0,1280,506.0,2,0.0,Gd,1992,120,1992,180000
8,2232,Gd,NoRidge,Gd,624.0,1173.0,1215,623.0,2,372.0,Gd,1994,60,1993,263550
5,1184,TA,Edwards,TA,0.0,658.0,658,0.0,1,0.0,TA,1996,50,1910,81000
5,1126,Gd,NWAmes,Ex,767.0,1126.0,1126,540.0,2,0.0,TA,1977,20,1977,175000
6,1350,TA,NAmes,TA,624.0,1248.0,1350,520.0,1,259.0,TA,1964,80,1964,168500
5,1347,Gd,Edwards,TA,969.0,1117.0,820,0.0,1,0.0,TA,1991,190,1910,107500
7,1680,Ex,NWAmes,Gd,144.0,1650.0,1680,583.0,2,0.0,Gd,1999,20,1998,213250
5,2071,TA,ClearCr,TA,0.0,825.0,2071,336.0,1,366.0,TA,1956,80,1956,165000
9,1856,Ex,StoneBr,Ex,1445.0,1856.0,1856,834.0,1,350.0,Gd,2010,20,2010,394432
9,1950,Ex,NridgHt,Ex,1375.0,1950.0,1950,706.0,2,480.0,Ex,2007,20,2007,383000
7,1908,Gd,CollgCr,Gd,642.0,915.0,933,493.0,2,0.0,Gd,1995,60,1994,210000
9,2728,Ex,NridgHt,Ex,1410.0,1848.0,1848,706.0,2,870.0,Ex,2006,60,2005,437154
3,864,TA,Edwards,TA,203.0,864.0,864,200.0,1,0.0,TA,1950,30,1914,58500
5,1144,TA,NAmes,TA,748.0,1144.0,1144,796.0,1,128.0,TA,1959,80,1959,143000
10,2020,Ex,NridgHt,Ex,1436.0,2006.0,2020,900.0,2,305.0,Ex,2009,20,2009,402861
7,1774,TA,OldTown,TA,0.0,952.0,1022,468.0,2,0.0,TA,1950,50,1931,129900
6,1158,Gd,SawyerW,Gd,941.0,1158.0,1158,576.0,1,0.0,TA,2004,20,2004,158000
6,1478,TA,NAmes,TA,1270.0,1478.0,1478,498.0,2,30.0,TA,1960,20,1960,157500
6,1092,TA,BrDale,TA,0.0,525.0,525,264.0,1,381.0,TA,1971,160,1971,88000
6,1536,TA,IDOTRR,TA,372.0,768.0,768,308.0,1,0.0,TA,1952,70,1952,136000
7,1548,TA,BrkSide,Ex,0.0,952.0,952,672.0,2,0.0,Gd,2007,50,1925,205000
7,2014,Gd,Timber,Gd,0.0,912.0,1072,486.0,2,0.0,Gd,2003,60,2003,170000
5,616,TA,BrkSide,TA,616.0,616.0,616,205.0,1,0.0,TA,1950,30,1921,89000
5,1020,TA,Sawyer,TA,0.0,780.0,780,0.0,1,0.0,TA,1996,50,1875,94000
6,1633,Gd,Gilbert,TA,0.0,932.0,932,460.0,2,0.0,TA,1998,60,1998,183000
8,1239,Gd,Veenker,Gd,560.0,1230.0,1239,477.0,1,0.0,Gd,1995,120,1995,217500
7,2287,TA,ClearCr,TA,603.0,1304.0,1304,667.0,2,0.0,Gd,1953,50,1953,225000
5,1112,Gd,MeadowV,TA,129.0,536.0,536,336.0,1,0.0,TA,1976,160,1976,85000
5,912,TA,Sawyer,TA,140.0,912.0,912,252.0,1,60.0,TA,1962,20,1962,123000
6,1357,TA,Edwards,Ex,719.0,1019.0,1357,312.0,1,84.0,TA,2006,80,1959,177000
7,1959,Gd,Gilbert,Gd,0.0,847.0,847,434.0,2,0.0,Gd,2005,60,2004,215000
9,2172,Ex,NoRidge,Ex,0.0,1519.0,1533,687.0,2,295.0,Gd,2000,60,2000,291000
6,1491,Ex,Timber,TA,0.0,1491.0,1491,571.0,2,203.0,Gd,1996,20,1996,178000
8,2704,Gd,NAmes,Ex,1410.0,1952.0,2000,538.0,2,0.0,Gd,1995,80,1972,345000
6,1218,TA,BrDale,Ex,0.0,672.0,672,264.0,1,265.0,TA,1973,160,1973,113700
6,1580,TA,NAmes,TA,734.0,1244.0,1580,440.0,1,432.0,TA,1959,20,1959,159500
3,2034,,Mitchel,TA,0.0,0.0,2034,1041.0,1,0.0,TA,1953,20,1953,130000
6,1552,Gd,NWAmes,TA,550.0,713.0,811,434.0,2,0.0,TA,1975,60,1975,179900
7,1428,Gd,Somerst,Gd,0.0,1428.0,1428,480.0,2,,Gd,2008,20,2007,182000
5,768,Gd,CollgCr,TA,660.0,768.0,768,396.0,1,0.0,TA,2003,85,1972,133900
6,1091,Gd,Mitchel,TA,114.0,384.0,1091,429.0,1,0.0,TA,1996,80,1993,131250
7,1166,Gd,Gilbert,Gd,655.0,856.0,1166,400.0,2,182.0,Gd,2005,80,2005,190000
8,1904,Gd,NridgHt,Ex,546.0,1058.0,1058,736.0,2,280.0,Gd,2005,60,2005,275000
5,1086,TA,NAmes,TA,320.0,1086.0,1086,490.0,1,104.0,TA,2003,20,1954,144900
5,2634,TA,NAmes,TA,500.0,1248.0,1338,968.0,2,368.0,TA,1969,90,1969,200000
3,725,TA,OldTown,TA,0.0,630.0,725,320.0,1,0.0,TA,1998,30,1890,78500
7,1688,Gd,NWAmes,Ex,983.0,1675.0,1688,528.0,2,102.0,Gd,1988,20,1988,226500
4,1040,TA,Mitchel,TA,633.0,1064.0,1040,648.0,1,0.0,TA,1963,20,1963,132250
8,2526,Gd,NoRidge,Gd,740.0,1165.0,1203,844.0,2,391.0,Gd,1994,60,1994,290000
5,804,TA,OldTown,Gd,510.0,788.0,804,240.0,1,294.0,TA,1992,30,1940,119000
5,1056,TA,NAmes,TA,144.0,1056.0,1056,300.0,1,0.0,TA,1955,20,1955,125000
5,778,TA,IDOTRR,TA,403.0,740.0,778,924.0,1,0.0,TA,1955,30,1940,120500
7,1294,Gd,CollgCr,Gd,0.0,1286.0,1294,662.0,2,0.0,Gd,2006,20,2006,193879
5,1118,TA,NAmes,Gd,528.0,1118.0,1118,264.0,1,0.0,TA,2000,20,1960,153000
5,1078,TA,NAmes,TA,734.0,1078.0,1078,500.0,1,0.0,TA,2008,20,1971,149900
6,1298,Gd,SawyerW,Gd,1258.0,1298.0,1298,403.0,2,85.0,Gd,1985,20,1985,180000
5,884,TA,BrkSide,TA,0.0,884.0,884,240.0,1,0.0,Gd,1950,45,1939,113000
5,925,,NAmes,TA,0.0,0.0,925,300.0,1,0.0,TA,1961,20,1961,99000
5,816,TA,IDOTRR,TA,0.0,816.0,816,100.0,1,0.0,TA,1950,30,1922,75200
7,1922,,Edwards,Gd,0.0,0.0,495,672.0,3,500.0,Gd,2003,85,2003,198500
5,1150,TA,NAmes,TA,179.0,1150.0,1150,300.0,1,0.0,TA,1959,20,1959,141000
7,1217,Gd,Mitchel,Gd,611.0,1188.0,1217,497.0,2,0.0,TA,1991,80,1990,173000
6,1348,TA,NAmes,TA,512.0,660.0,660,453.0,1,266.0,TA,1966,60,1966,155000
5,1442,Gd,Timber,TA,0.0,352.0,712,400.0,2,0.0,TA,2007,80,2006,172500
7,1474,Gd,Gilbert,TA,0.0,384.0,804,400.0,2,22.0,TA,1996,80,1995,168500
8,2234,Gd,NoRidge,Gd,505.0,1160.0,1205,768.0,2,322.0,Gd,2000,60,2000,300000
1,1600,,Mitchel,TA,0.0,0.0,1600,270.0,1,0.0,TA,1951,20,1951,81500
5,1150,TA,NAmes,TA,368.0,1078.0,1150,288.0,1,176.0,TA,1955,20,1955,144000
5,1621,Gd,NWAmes,TA,1333.0,1621.0,1621,478.0,2,161.0,TA,1975,20,1975,213000
7,1316,Gd,CollgCr,Gd,0.0,1316.0,1316,440.0,2,0.0,Gd,2007,20,2007,200141
10,3627,Ex,NoRidge,Gd,1387.0,1930.0,1831,807.0,3,1378.0,Gd,1996,60,1995,625000
7,1668,Gd,CollgCr,Gd,0.0,840.0,840,500.0,2,101.0,Gd,2003,60,2003,180000
7,1433,Gd,SawyerW,Gd,1433.0,1433.0,1433,528.0,1,177.0,Gd,1987,20,1987,270000
4,1141,Fa,OldTown,TA,122.0,570.0,761,252.0,1,0.0,TA,1950,50,1900,85000
6,1287,Gd,Mitchel,TA,841.0,957.0,1287,541.0,1,0.0,TA,1977,85,1977,173000
8,1721,Gd,NridgHt,Gd,119.0,1721.0,1721,554.0,2,210.0,Gd,2005,20,2005,232698
8,1494,Gd,Veenker,Ex,437.0,1494.0,1494,481.0,1,0.0,Gd,1996,120,1995,270000
5,1687,TA,Timber,TA,353.0,747.0,1687,572.0,1,0.0,TA,1950,20,1948,160000
7,1361,Gd,CollgCr,Gd,24.0,1351.0,1361,610.0,2,0.0,Gd,2007,20,2007,193000
8,1517,Gd,Crawfor,Gd,0.0,792.0,792,400.0,1,0.0,TA,1950,70,1929,230000
5,1173,TA,OldTown,TA,0.0,592.0,933,240.0,2,0.0,TA,1950,45,1901,113000
6,1848,TA,BrkSide,Gd,0.0,833.0,1053,370.0,1,0.0,TA,2000,50,1923,207000
5,833,TA,Mitchel,TA,625.0,833.0,833,0.0,1,0.0,TA,1985,20,1985,112000
7,1445,Gd,CollgCr,Gd,24.0,1445.0,1445,470.0,2,50.0,Gd,2004,20,2004,186500
5,846,TA,OldTown,Gd,0.0,720.0,846,576.0,1,0.0,TA,1950,30,1920,106000
6,926,TA,Mitchel,TA,767.0,902.0,926,351.0,1,0.0,TA,1977,85,1977,156450
7,1411,TA,NWAmes,TA,822.0,1386.0,1411,544.0,2,209.0,TA,1977,20,1977,82500
6,1726,Gd,Somerst,Gd,0.0,1726.0,1726,561.0,2,280.0,Gd,2008,120,2008,222000
6,987,TA,BrDale,TA,458.0,483.0,483,264.0,1,359.0,TA,1973,160,1973,103400
5,1040,Gd,CollgCr,Gd,732.0,1040.0,1040,576.0,1,0.0,TA,1996,20,1996,152000
5,1384,Gd,Gilbert,Gd,450.0,1348.0,1384,404.0,2,0.0,Gd,1997,20,1996,177900
7,1472,,NAmes,Gd,0.0,0.0,1472,484.0,2,58.0,TA,1959,20,1959,157500
5,1320,TA,Sawyer,TA,328.0,1164.0,1320,564.0,1,97.0,TA,1966,80,1966,164500
4,858,TA,NAmes,TA,322.0,858.0,858,684.0,1,0.0,TA,1971,20,1971,110000
8,1235,Gd,Greens,TA,1009.0,1235.0,1235,484.0,1,0.0,Gd,1980,120,1980,214000
5,960,TA,Edwards,Fa,77.0,960.0,960,392.0,1,0.0,TA,2000,20,1959,131750
5,1020,TA,Sawyer,TA,68.0,980.0,1020,528.0,2,50.0,Gd,2001,80,1964,165000
8,1838,Ex,CollgCr,Gd,1359.0,1838.0,1838,524.0,2,352.0,Gd,2008,20,2007,272500
5,894,Gd,Sawyer,TA,138.0,894.0,894,308.0,1,0.0,TA,1977,20,1977,120750
5,924,Gd,CollgCr,TA,0.0,924.0,924,280.0,1,0.0,TA,1975,20,1975,110000
5,1073,TA,Edwards,TA,257.0,1073.0,1073,340.0,1,0.0,TA,1956,20,1956,121500
7,1369,Gd,Somerst,Gd,0.0,1369.0,1369,605.0,2,0.0,Gd,2007,20,2007,213133
6,1342,TA,BrkSide,TA,264.0,739.0,874,240.0,2,0.0,TA,1950,50,1939,105000
6,1686,Gd,NWAmes,TA,625.0,1686.0,1686,612.0,2,157.0,TA,1980,20,1980,207500
6,848,Gd,CollgCr,Gd,662.0,848.0,848,420.0,1,169.0,Gd,2004,120,2004,155900
8,2649,Ex,NridgHt,Gd,1075.0,1479.0,1515,746.0,2,1110.0,Gd,2002,60,2001,421250
8,1564,Gd,Timber,Ex,583.0,1546.0,1564,502.0,2,,Gd,2007,20,2006,267300
6,1523,Gd,NWAmes,TA,644.0,1193.0,1523,478.0,2,160.0,TA,1976,20,1976,180000
7,2200,Gd,SawyerW,Gd,355.0,812.0,1101,453.0,2,0.0,Gd,1994,60,1993,225000
8,1441,Gd,Somerst,Gd,0.0,776.0,764,492.0,2,456.0,Gd,2000,160,1999,174000
4,948,TA,Edwards,TA,492.0,864.0,948,248.0,1,132.0,TA,1954,20,1954,111000
5,1838,Gd,Gilbert,TA,0.0,732.0,734,372.0,2,0.0,Gd,2005,60,2005,192140
6,2654,TA,NWAmes,Gd,619.0,1054.0,1512,619.0,2,220.0,TA,1984,60,1968,250000
5,1078,TA,NAmes,Gd,49.0,1078.0,1078,240.0,1,0.0,TA,1996,20,1950,142125
5,1630,TA,Edwards,TA,587.0,1073.0,1630,649.0,2,0.0,TA,1953,20,1953,130000
5,1678,TA,Edwards,TA,0.0,1678.0,1678,0.0,2,74.0,TA,1959,90,1959,119900
8,2358,Ex,NridgHt,Ex,880.0,1524.0,1544,784.0,2,142.0,Gd,2006,60,2005,329900
6,1198,TA,OldTown,TA,0.0,901.0,1088,0.0,1,0.0,TA,1998,50,1920,79900
6,2872,Gd,NWAmes,TA,896.0,1330.0,1542,619.0,2,424.0,TA,1995,60,1977,272000
6,1470,Gd,Gilbert,TA,310.0,680.0,680,420.0,2,68.0,Ex,1993,60,1993,185000
6,1422,Gd,NWAmes,Gd,588.0,1422.0,1422,576.0,2,210.0,TA,1981,20,1981,175500
4,784,TA,Edwards,TA,784.0,784.0,784,0.0,1,0.0,TA,1955,190,1955,91900
5,941,Gd,NAmes,Gd,941.0,941.0,941,564.0,1,124.0,TA,1978,90,1978,145000
7,1661,Gd,CollgCr,Gd,385.0,799.0,827,550.0,2,0.0,Gd,1996,60,1996,212000
6,2154,TA,NAmes,TA,414.0,845.0,845,539.0,2,306.0,TA,1997,60,1964,224500
5,1040,TA,NAmes,Gd,574.0,1040.0,1040,286.0,1,0.0,TA,2003,20,1959,152000
5,1352,TA,ClearCr,Gd,300.0,1062.0,1352,288.0,1,120.0,TA,1958,80,1958,130000
8,1593,Ex,StoneBr,Ex,1153.0,1593.0,1593,682.0,1,0.0,Gd,2002,120,2001,286000
6,1790,TA,NAmes,TA,0.0,998.0,1790,540.0,2,360.0,TA,1957,20,1957,180000
5,1640,,Sawyer,TA,0.0,0.0,1640,394.0,1,0.0,TA,1950,20,1950,131000
6,1296,TA,OldTown,TA,276.0,845.0,866,576.0,1,0.0,TA,1950,50,1927,127500
5,1143,TA,NAmes,TA,856.0,1143.0,1143,308.0,1,150.0,TA,1959,20,1959,136000
5,1039,TA,Sawyer,TA,841.0,1039.0,1039,504.0,1,0.0,TA,1965,190,1965,131500
8,1914,Gd,NridgHt,Gd,994.0,1420.0,1426,746.0,2,112.0,Gd,2004,60,2004,279000
7,1442,Gd,Gilbert,TA,0.0,1424.0,1442,500.0,2,0.0,TA,1990,20,1990,180500
8,2028,Ex,Timber,Gd,1460.0,1868.0,2028,880.0,2,208.0,Gd,2006,20,2005,369900
9,1746,Ex,Gilbert,Ex,1320.0,1746.0,1746,758.0,2,160.0,Ex,2007,20,2006,377500
7,1108,TA,IDOTRR,Gd,0.0,637.0,1108,280.0,1,0.0,TA,1950,45,1930,139400
7,1674,Gd,Somerst,Gd,533.0,814.0,814,663.0,2,0.0,Gd,2000,60,2000,216000
6,2007,Fa,OldTown,Ex,0.0,917.0,1090,357.0,2,0.0,TA,1950,70,1900,160000
7,1252,Gd,Somerst,Gd,510.0,600.0,624,462.0,2,212.0,Gd,2000,160,1999,160000
5,2080,Gd,NAmes,Fa,650.0,1040.0,1040,504.0,1,192.0,TA,1969,60,1969,135000
6,1396,Gd,CollgCr,Gd,0.0,608.0,608,440.0,2,0.0,Gd,2007,60,2007,170000
5,928,Gd,NAmes,TA,377.0,928.0,928,252.0,1,0.0,TA,2000,20,1956,132000
4,882,TA,OldTown,TA,0.0,882.0,882,0.0,1,0.0,TA,1956,45,1956,103200
6,1655,Gd,Gilbert,TA,0.0,763.0,763,440.0,2,0.0,TA,1994,60,1993,175900
5,1074,Gd,NWAmes,TA,788.0,1056.0,1074,495.0,1,0.0,TA,1975,20,1975,153500
5,2002,TA,Crawfor,TA,284.0,1001.0,1001,871.0,2,0.0,TA,1950,90,1949,145000
8,1590,Ex,CollgCr,Ex,1122.0,1570.0,1590,754.0,2,198.0,Gd,2006,20,2005,294900
8,2497,Gd,Veenker,Gd,1632.0,2461.0,2497,676.0,2,0.0,Gd,1981,20,1981,373000
7,1879,Gd,SawyerW,Gd,474.0,1079.0,1079,473.0,2,0.0,Gd,1994,60,1993,239900
6,1290,TA,BrkSide,TA,0.0,554.0,736,200.0,1,0.0,TA,2000,70,1900,106900
5,1152,Gd,Edwards,TA,1152.0,1152.0,1152,252.0,2,0.0,TA,1978,90,1978,159900
6,1392,Fa,NAmes,TA,0.0,1392.0,1392,576.0,1,216.0,TA,1968,20,1968,110000
7,1680,Gd,Somerst,Gd,0.0,840.0,840,588.0,2,0.0,Gd,2004,160,2004,190000
6,1320,Gd,Landmrk,TA,338.0,630.0,630,484.0,2,0.0,TA,1994,160,1993,137000
5,858,TA,BrkSide,TA,696.0,858.0,858,0.0,1,0.0,TA,2008,20,1958,116500
6,1746,Gd,Gilbert,Gd,0.0,698.0,698,350.0,2,0.0,Gd,2007,60,2006,198444
5,1040,Gd,CollgCr,Gd,532.0,1040.0,1040,484.0,2,0.0,TA,2008,20,1977,150500
5,1344,Gd,Mitchel,TA,0.0,1344.0,1344,686.0,2,0.0,TA,1999,20,1999,166500
5,980,TA,NAmes,TA,400.0,980.0,980,384.0,2,0.0,TA,1967,80,1967,135500
8,1571,Gd,Timber,Gd,0.0,1571.0,1571,722.0,2,80.0,Gd,2007,20,2007,239000
5,1122,TA,OldTown,Gd,144.0,924.0,1122,528.0,1,0.0,TA,2005,20,1948,147000
9,2552,Ex,NridgHt,Ex,1812.0,2552.0,2552,932.0,2,456.0,Ex,2007,20,2007,479069
5,1221,TA,Edwards,TA,392.0,784.0,949,392.0,1,0.0,TA,1950,50,1924,104900
8,1502,Gd,StoneBr,Gd,368.0,1488.0,1502,528.0,1,0.0,Gd,1985,120,1985,212000
6,1502,TA,Crawfor,Gd,0.0,602.0,900,180.0,1,0.0,TA,1996,70,1923,165000
6,1412,Gd,Timber,Gd,1005.0,1392.0,1412,576.0,2,0.0,TA,1988,20,1988,175000
4,1832,TA,Sawyer,TA,704.0,1832.0,1832,0.0,2,72.0,Fa,1967,90,1967,136000
5,1048,TA,NAmes,TA,586.0,1048.0,1048,286.0,1,120.0,TA,1956,20,1956,135000
7,2260,Ex,ClearCr,Gd,1201.0,1306.0,1306,533.0,2,0.0,Gd,1997,60,1996,328000
5,1384,TA,NAmes,TA,494.0,1015.0,1384,896.0,1,0.0,TA,2001,20,1956,159000
5,1656,TA,NWAmes,TA,0.0,1656.0,1656,506.0,2,564.0,TA,1973,90,1973,135000
7,2787,Ex,SawyerW,TA,820.0,1168.0,1168,820.0,4,23.0,TA,2000,90,2000,269500
5,1248,TA,OldTown,TA,0.0,624.0,624,0.0,2,0.0,TA,1950,90,1920,93500
7,1630,Gd,CollgCr,Gd,0.0,1630.0,1630,451.0,2,171.0,Gd,2001,20,2000,213000
6,1042,TA,NAmes,TA,494.0,1042.0,1042,440.0,2,98.0,TA,1965,80,1965,161000
7,1055,Gd,NPkVill,TA,632.0,1061.0,1055,319.0,2,0.0,TA,1978,120,1978,142500
8,1314,Gd,Somerst,Gd,936.0,1300.0,1314,552.0,2,72.0,Gd,2009,20,2009,229456
4,1689,Gd,Mitchel,TA,1383.0,1680.0,1689,432.0,2,0.0,TA,1991,20,1991,228500
6,1138,TA,NAmes,TA,507.0,588.0,1138,264.0,1,63.0,TA,1958,80,1958,145000
4,894,TA,NAmes,TA,734.0,894.0,894,396.0,1,0.0,TA,1960,20,1960,141500
5,1453,TA,BrkSide,Gd,360.0,835.0,955,240.0,1,300.0,TA,1950,50,1942,132000
4,1656,TA,OldTown,TA,0.0,801.0,1095,440.0,2,0.0,TA,1985,50,1940,119164
4,2650,,SWISU,TA,0.0,0.0,862,0.0,3,0.0,TA,1967,90,1967,160000
8,1296,Ex,Timber,Gd,1005.0,1267.0,1296,471.0,2,136.0,Gd,2002,20,2001,220000
7,1208,Gd,CollgCr,Gd,393.0,1208.0,1208,632.0,2,0.0,Gd,2005,20,2005,183600
5,909,TA,Sawyer,TA,162.0,882.0,909,294.0,1,90.0,TA,1968,20,1968,116000
7,1762,Gd,CollgCr,Gd,456.0,826.0,878,591.0,2,199.0,Gd,2002,60,2002,222000
5,1114,TA,SawyerW,Gd,646.0,1114.0,1114,576.0,1,0.0,TA,2004,20,2004,159000
7,2127,Ex,SawyerW,Gd,48.0,1104.0,912,833.0,2,0.0,Gd,1991,60,1991,238000
6,1882,,SawyerW,TA,0.0,0.0,964,612.0,2,0.0,TA,1981,90,1981,160000
5,936,TA,NAmes,TA,248.0,936.0,936,308.0,1,0.0,TA,2000,20,1956,129000
9,2772,Ex,NridgHt,Ex,1360.0,1776.0,1794,754.0,3,726.0,Ex,2007,60,2007,462000
6,1229,Gd,Blueste,TA,285.0,561.0,561,462.0,1,0.0,TA,1980,160,1980,124000
9,1714,Ex,StoneBr,Gd,1191.0,1714.0,1714,517.0,2,230.0,Gd,2005,120,2005,318000
7,1594,Gd,Gilbert,Gd,0.0,846.0,846,434.0,2,0.0,Gd,2004,60,2004,195500
6,2087,TA,ClearCr,Gd,568.0,832.0,976,444.0,2,157.0,TA,2007,60,1966,187500
6,1302,Gd,NridgHt,Gd,866.0,1302.0,1302,631.0,1,182.0,Gd,2006,120,2005,204000
7,1932,Gd,CollgCr,Gd,654.0,979.0,992,610.0,2,0.0,Gd,2003,60,2003,213000
7,1654,Gd,CollgCr,Gd,986.0,1654.0,1654,900.0,2,295.0,Gd,2002,20,2002,230000
6,816,TA,IDOTRR,TA,538.0,816.0,816,432.0,1,0.0,Gd,2007,30,1930,120500
5,996,TA,Edwards,TA,290.0,996.0,996,0.0,1,0.0,TA,1969,30,1940,108000
5,980,TA,Sawyer,TA,560.0,980.0,980,484.0,1,153.0,TA,1977,20,1977,135000
4,1100,TA,NAmes,TA,419.0,1100.0,1100,312.0,1,0.0,TA,1960,20,1960,141000
5,1792,Gd,NAmes,TA,0.0,896.0,896,0.0,2,0.0,TA,1974,90,1974,136000
6,1442,TA,NWAmes,TA,0.0,1442.0,1442,615.0,2,571.0,TA,1970,20,1970,185000
10,2046,Ex,NridgHt,Ex,1430.0,1994.0,2046,878.0,2,400.0,Ex,2006,20,2005,450000
6,934,TA,Sawyer,TA,456.0,912.0,934,336.0,1,0.0,TA,1964,80,1964,132000
5,907,Gd,CollgCr,TA,60.0,876.0,907,308.0,1,0.0,TA,1977,20,1977,130000
6,1811,TA,Crawfor,Ex,296.0,1073.0,1811,470.0,1,0.0,TA,2004,20,1956,230000
6,981,TA,NAmes,TA,282.0,981.0,981,576.0,1,0.0,TA,1971,20,1971,143250
6,1422,Gd,CollgCr,Gd,0.0,704.0,704,440.0,2,0.0,Gd,2006,60,2005,173000
7,2097,Gd,CollgCr,Gd,975.0,1108.0,1108,583.0,2,0.0,TA,1998,60,1998,274300
7,1782,Gd,NWAmes,Gd,864.0,1782.0,1782,551.0,2,194.0,Gd,1979,20,1979,220000
6,1253,TA,NAmes,TA,733.0,1253.0,1253,352.0,1,212.0,TA,1960,20,1960,157000
5,1188,TA,NAmes,TA,1000.0,1188.0,1188,531.0,1,180.0,TA,1959,20,1959,142000
6,1040,TA,NAmes,TA,872.0,1040.0,1040,480.0,1,0.0,Fa,1967,20,1967,163000
6,1310,Fa,OldTown,TA,617.0,617.0,865,398.0,2,0.0,TA,1950,50,1924,112000
5,1314,TA,NAmes,TA,922.0,1314.0,1314,294.0,1,0.0,TA,1957,20,1957,145000
5,1053,TA,NAmes,Ex,567.0,1008.0,1053,750.0,1,85.0,TA,1991,20,1958,150000
8,2088,Gd,NridgHt,Gd,40.0,948.0,948,656.0,2,108.0,Ex,2007,60,2007,250000
5,1524,TA,NAmes,TA,460.0,874.0,874,315.0,1,180.0,TA,1958,50,1958,144000
10,2402,Ex,NridgHt,Ex,1767.0,3094.0,2402,672.0,2,200.0,Ex,2008,20,2008,555000
9,1816,Ex,NridgHt,Ex,1151.0,1790.0,1816,730.0,2,378.0,Ex,2007,20,2006,356000
6,1504,Gd,Gilbert,Gd,0.0,752.0,752,440.0,2,22.0,Gd,2007,60,2007,166000
5,1535,,SawyerW,TA,0.0,0.0,1535,400.0,2,0.0,TA,1979,90,1979,118858
6,1169,Gd,Gilbert,TA,705.0,1160.0,1169,402.0,2,112.0,TA,1994,20,1993,183500
6,1691,TA,NAmes,TA,1173.0,1680.0,1691,550.0,1,0.0,Gd,1967,20,1967,175000
6,1158,TA,BrkSide,TA,0.0,862.0,950,208.0,1,0.0,TA,1950,50,1929,120000
5,1513,TA,BrkSide,TA,0.0,939.0,939,180.0,1,0.0,TA,2004,70,1920,137500
7,1652,Gd,Crawfor,Gd,343.0,423.0,896,473.0,2,44.0,TA,2007,80,1994,203135
5,1365,TA,BrDale,TA,765.0,765.0,765,440.0,1,312.0,TA,1970,160,1970,125000
5,1040,TA,Sawyer,TA,659.0,1040.0,1040,260.0,1,0.0,TA,2010,20,1962,127000
9,1792,Ex,NridgHt,Gd,1232.0,1792.0,1792,925.0,2,430.0,Ex,2006,20,2005,372397
8,2610,Gd,Somerst,Ex,64.0,1184.0,1184,550.0,2,0.0,Gd,2007,60,2007,303477
6,1625,Gd,Mitchel,Fa,776.0,1625.0,1625,576.0,2,0.0,TA,1979,20,1979,242500
5,1063,TA,NAmes,TA,354.0,1056.0,1063,280.0,1,110.0,TA,1954,20,1954,128000
8,1226,Gd,Greens,Gd,960.0,1226.0,1226,484.0,1,0.0,Gd,1981,120,1981,211500
4,1362,TA,Edwards,TA,0.0,951.0,986,280.0,2,0.0,Fa,1950,50,1920,96000
6,918,Gd,SawyerW,TA,0.0,918.0,918,264.0,2,0.0,TA,1979,120,1979,99500
7,2037,Gd,SawyerW,Gd,0.0,672.0,1302,472.0,2,0.0,Gd,1996,80,1996,229000
7,1368,Gd,NridgHt,Gd,0.0,1368.0,1368,474.0,2,94.0,Gd,2006,120,2005,202665
5,1051,TA,NAmes,TA,799.0,1051.0,1051,264.0,1,0.0,TA,1966,20,1966,124400
7,1978,TA,NWAmes,TA,552.0,832.0,1098,486.0,2,342.0,TA,1968,60,1968,176000
6,952,TA,BrkSide,Fa,0.0,952.0,952,192.0,1,0.0,TA,1950,30,1916,121000
5,1210,TA,BrkSide,Gd,600.0,672.0,832,240.0,1,0.0,TA,2006,50,1941,124000
5,1008,Gd,Mitchel,Gd,923.0,923.0,1008,678.0,1,144.0,TA,1977,85,1977,153500
5,1344,TA,NAmes,TA,457.0,1024.0,1344,484.0,1,0.0,TA,1983,20,1958,144000
7,1484,Gd,CollgCr,Gd,712.0,1473.0,1484,606.0,2,109.0,Gd,2005,20,2004,213000
6,1080,TA,Mitchel,TA,336.0,1084.0,1080,484.0,1,0.0,TA,1983,20,1983,134000
6,1217,Gd,SawyerW,Gd,278.0,1217.0,1217,484.0,2,0.0,Gd,1991,120,1991,151000
4,1622,TA,Mitchel,TA,1159.0,1249.0,1622,1356.0,1,149.0,TA,1975,190,1961,168000
7,1310,Gd,CollgCr,Gd,24.0,1310.0,1310,400.0,2,0.0,Gd,2005,20,2005,164990
6,1252,Gd,ClearCr,TA,429.0,1602.0,1252,564.0,1,0.0,TA,1975,20,1960,235000
6,958,TA,NAmes,TA,498.0,958.0,958,301.0,1,0.0,TA,1998,20,1960,151500
5,1141,TA,NAmes,TA,602.0,1141.0,1141,568.0,1,140.0,TA,1967,80,1967,158000
6,1152,TA,Crawfor,Gd,0.0,1092.0,1152,300.0,1,0.0,TA,2004,20,1950,158500
6,1040,TA,IDOTRR,TA,0.0,1040.0,1040,320.0,1,0.0,TA,1992,30,1925,127500
6,1497,TA,BrkSide,TA,201.0,825.0,825,672.0,2,0.0,TA,2000,50,1937,157000
7,1143,Gd,Somerst,Gd,0.0,1143.0,1143,588.0,1,0.0,Gd,2004,120,2004,176400
7,1948,Gd,CollgCr,Gd,0.0,847.0,847,434.0,2,0.0,Gd,2005,60,2004,195000
7,2288,Gd,NWAmes,Gd,432.0,908.0,1316,520.0,1,283.0,TA,1992,60,1977,230000
5,1072,TA,OldTown,TA,0.0,808.0,1072,379.0,1,279.0,TA,1950,30,1940,130000
5,1097,Gd,CollgCr,TA,549.0,1097.0,1097,242.0,1,0.0,TA,1996,20,1996,147900
4,1092,TA,MeadowV,TA,252.0,546.0,546,286.0,1,0.0,TA,1970,160,1970,71000
7,1472,Gd,NWAmes,TA,1036.0,1372.0,1472,588.0,2,225.0,TA,1980,80,1980,187500
5,1008,TA,NAmes,Gd,643.0,1008.0,1008,240.0,1,0.0,TA,2006,20,1953,134500
5,833,Gd,Mitchel,Gd,207.0,833.0,833,495.0,1,0.0,TA,1984,20,1984,149900
4,894,TA,Edwards,TA,552.0,894.0,894,400.0,1,0.0,TA,1954,20,1954,110000
5,1077,Fa,IDOTRR,TA,0.0,961.0,1077,338.0,1,0.0,TA,1950,30,1920,67000
5,1435,Fa,BrkSide,TA,910.0,910.0,910,308.0,1,0.0,TA,1950,50,1950,128250
6,1440,Gd,SawyerW,Gd,261.0,1344.0,1440,920.0,2,0.0,Gd,1993,90,1993,224500
7,1482,Gd,Gilbert,Gd,0.0,384.0,812,392.0,2,170.0,TA,1992,80,1992,163900
6,1295,Gd,NWAmes,TA,910.0,1295.0,1295,528.0,1,196.0,TA,1968,20,1968,164000
7,1663,Gd,SawyerW,Gd,0.0,835.0,835,478.0,2,95.0,Gd,2004,60,2003,192500
7,2696,Ex,CollgCr,Ex,984.0,1264.0,1282,792.0,2,220.0,Gd,2007,60,2007,383970
8,2290,Gd,CollgCr,Gd,0.0,1128.0,1149,779.0,2,0.0,Gd,2002,60,2002,255900
4,1242,TA,Edwards,TA,0.0,484.0,1242,336.0,1,0.0,TA,1950,20,1946,109900
5,1812,TA,NAmes,TA,540.0,864.0,876,264.0,2,288.0,TA,1962,60,1962,169500
5,964,Gd,Crawfor,TA,713.0,876.0,964,432.0,1,0.0,TA,2006,30,1921,163500
5,1768,Gd,SWISU,Gd,569.0,731.0,981,240.0,1,252.0,TA,1950,50,1937,175000
4,1383,,Edwards,TA,0.0,0.0,1383,498.0,1,0.0,TA,1954,20,1954,122000
6,1383,TA,NAmes,TA,565.0,1383.0,1383,292.0,1,175.0,TA,1960,20,1960,145250
4,630,Gd,MeadowV,TA,150.0,630.0,630,0.0,1,0.0,TA,1972,180,1972,75500
8,1660,Ex,Somerst,Gd,1220.0,1660.0,1660,500.0,2,420.0,Gd,2006,20,2006,290000
5,1308,TA,IDOTRR,TA,0.0,880.0,880,400.0,2,0.0,TA,1978,50,1915,120000
5,1264,TA,Mitchel,TA,42.0,1068.0,1264,528.0,1,0.0,TA,1977,20,1965,169000
6,1440,Gd,NWAmes,Gd,678.0,1440.0,1440,467.0,2,310.0,Gd,1981,20,1981,182900
8,2122,Gd,NridgHt,Gd,1518.0,2108.0,2122,938.0,2,0.0,Gd,2007,20,2007,345474
9,1850,Ex,NridgHt,Gd,1261.0,1833.0,1850,772.0,2,378.0,Gd,2005,20,2004,326000
6,1465,Gd,Gilbert,TA,0.0,789.0,789,393.0,2,0.0,TA,1998,60,1998,180400
6,1242,TA,SWISU,TA,0.0,583.0,647,180.0,1,0.0,TA,1950,70,1935,105000
5,936,TA,OldTown,TA,579.0,936.0,936,0.0,1,0.0,TA,1950,30,1920,109500
9,2643,Gd,NridgHt,Ex,0.0,2153.0,2069,694.0,2,772.0,Ex,2006,60,2006,380000
6,1851,TA,NAmes,Gd,536.0,822.0,1020,440.0,2,340.0,TA,1993,60,1964,187000
5,876,TA,CollgCr,TA,480.0,876.0,876,484.0,1,0.0,TA,1972,20,1972,127000
6,1356,Gd,Mitchel,TA,1148.0,1244.0,1356,528.0,2,0.0,TA,1977,80,1977,188000
5,1131,TA,OldTown,TA,0.0,676.0,676,200.0,1,0.0,TA,1950,50,1941,66500
7,1135,Gd,SWISU,Gd,350.0,560.0,575,576.0,1,0.0,Gd,2007,70,1936,155000
7,1768,Gd,OldTown,TA,390.0,880.0,880,320.0,1,0.0,TA,1970,75,1914,163000
6,1392,Gd,CollgCr,TA,378.0,689.0,689,299.0,1,153.0,TA,1977,60,1977,161750
5,948,TA,Sawyer,TA,0.0,948.0,948,300.0,1,0.0,TA,1968,20,1968,108000
5,864,TA,CollgCr,TA,646.0,864.0,864,336.0,1,90.0,Gd,2005,20,1978,136500
5,1008,TA,NAmes,Fa,908.0,1008.0,1008,308.0,1,54.0,TA,1956,20,1956,131000
6,984,TA,IDOTRR,TA,343.0,984.0,984,308.0,1,0.0,TA,1950,30,1930,90000
5,1604,TA,NAmes,TA,0.0,1604.0,1604,576.0,2,0.0,TA,1958,90,1958,135000
5,893,TA,NAmes,Gd,220.0,845.0,893,576.0,1,0.0,TA,2003,45,1949,135000
7,2362,Gd,Veenker,Gd,1732.0,2002.0,2362,546.0,2,600.0,Gd,1980,20,1980,255000
4,988,Gd,MeadowV,TA,437.0,462.0,526,297.0,1,0.0,TA,1973,180,1973,94900
9,2018,Ex,Timber,Ex,0.0,2002.0,2018,746.0,2,0.0,Ex,2009,20,2008,378500
5,1352,TA,OldTown,Gd,0.0,676.0,676,720.0,2,0.0,TA,2006,60,1939,149000
8,1484,Gd,Timber,Ex,428.0,1476.0,1484,472.0,2,32.0,Gd,2006,20,2006,265900
5,1144,TA,Sawyer,TA,594.0,864.0,1144,264.0,1,0.0,TA,1983,20,1961,131400
6,1610,TA,NWAmes,Gd,1200.0,1610.0,1610,480.0,2,28.0,TA,2001,20,1977,205000
7,1218,Gd,SawyerW,Gd,0.0,1218.0,1218,576.0,1,0.0,Gd,2007,20,2007,159000
5,1373,Gd,Sawyer,TA,1319.0,1319.0,1373,591.0,1,0.0,TA,1978,90,1978,160250
5,1654,TA,BrkSide,TA,0.0,297.0,1001,336.0,2,0.0,TA,1982,70,1930,137000
6,1030,TA,BrDale,TA,282.0,494.0,494,264.0,1,380.0,TA,1972,160,1972,116000
7,2295,Gd,NoRidge,Gd,728.0,1095.0,1166,590.0,2,0.0,Gd,2000,60,1992,268000
8,1795,Gd,CollgCr,Gd,0.0,1777.0,1795,534.0,2,281.0,Gd,2002,20,2002,230000
7,1146,Ex,Timber,Gd,786.0,868.0,1146,438.0,2,442.0,Gd,2003,80,2003,187500
7,1564,Gd,CollgCr,Gd,56.0,1564.0,1564,814.0,2,212.0,Gd,2007,20,2007,218836
5,1025,TA,NAmes,TA,953.0,1025.0,1025,0.0,1,0.0,TA,1962,190,1962,124000
5,864,TA,CollgCr,TA,460.0,864.0,864,338.0,1,0.0,TA,1972,20,1972,133500
6,1132,TA,BrkSide,TA,452.0,608.0,608,240.0,1,0.0,TA,1950,50,1939,134000
6,848,Gd,CollgCr,Gd,662.0,848.0,848,420.0,1,169.0,Gd,2004,120,2004,144500
8,1466,Gd,Timber,Gd,16.0,1466.0,1466,610.0,2,0.0,Gd,2007,20,2007,201000
4,1029,TA,Sawyer,TA,903.0,1029.0,1029,261.0,1,192.0,TA,1961,20,1961,118500
7,1725,TA,NWAmes,TA,315.0,539.0,1040,550.0,2,96.0,TA,1979,60,1979,197000
5,1232,TA,NAmes,TA,698.0,1232.0,1232,490.0,1,172.0,TA,1966,20,1966,142250
5,793,TA,NAmes,Fa,700.0,793.0,793,240.0,1,0.0,TA,1950,30,1945,113000
6,1429,TA,NAmes,Gd,594.0,1144.0,1429,572.0,1,85.0,TA,1987,20,1960,181900
7,2110,TA,NAmes,Ex,1065.0,2110.0,2110,522.0,2,0.0,Gd,1968,20,1968,244000
7,2110,Gd,SawyerW,Gd,695.0,948.0,1222,463.0,2,0.0,Gd,2002,60,1994,205000
8,1636,Gd,Somerst,Gd,63.0,1623.0,1636,865.0,2,208.0,Gd,2006,20,2006,255000
7,1569,Gd,Blmngtn,Gd,988.0,1386.0,1569,660.0,2,130.0,Gd,2007,120,2007,175900
6,1604,TA,Gilbert,Gd,602.0,926.0,926,470.0,2,20.0,TA,1998,60,1998,195500
5,1044,TA,NAmes,TA,744.0,912.0,1044,372.0,1,0.0,TA,1968,20,1968,139000
6,1032,TA,Blueste,TA,0.0,516.0,516,452.0,1,0.0,TA,1980,160,1980,115000
7,1483,Gd,ClearCr,TA,1092.0,1420.0,1483,690.0,1,0.0,Gd,2001,20,1977,270000
7,1626,Gd,NridgHt,Gd,573.0,764.0,764,474.0,2,106.0,Gd,2004,160,2003,154000
6,1732,Gd,SawyerW,Gd,0.0,741.0,977,476.0,2,336.0,Gd,1985,60,1985,178000
5,1355,TA,Crawfor,TA,533.0,728.0,760,528.0,2,0.0,TA,1950,190,1941,140000
8,1586,Gd,Somerst,Gd,612.0,960.0,962,480.0,2,466.0,Gd,1999,160,1999,170000
9,3500,Ex,NoRidge,Ex,292.0,1733.0,1933,959.0,3,738.0,Gd,1994,60,1993,584500
5,1656,Gd,IDOTRR,TA,257.0,624.0,1092,288.0,1,0.0,Fa,1967,80,1967,126000
6,1642,Gd,Gilbert,TA,0.0,903.0,910,392.0,2,0.0,TA,1994,60,1993,168000
5,1803,TA,Sawyer,TA,168.0,1134.0,1803,484.0,2,67.0,TA,2000,20,1957,155000
6,1756,Ex,Timber,TA,742.0,872.0,888,422.0,2,42.0,Gd,1997,60,1996,204000
6,1603,Gd,SawyerW,Gd,387.0,761.0,810,484.0,2,0.0,Gd,1992,60,1992,175900
5,1281,TA,BrkSide,Gd,351.0,756.0,903,379.0,1,0.0,TA,1950,50,1926,132500
6,1062,Gd,Mitchel,TA,539.0,1029.0,1062,539.0,1,0.0,TA,1976,80,1976,146800
5,1248,TA,OldTown,TA,324.0,912.0,912,160.0,1,0.0,TA,1950,50,1930,87000
8,1538,Gd,Somerst,Gd,769.0,1538.0,1538,484.0,2,148.0,Gd,2005,20,2005,260000
7,2495,TA,OldTown,TA,0.0,1313.0,1313,342.0,2,0.0,TA,1999,70,1890,184000
7,1820,Gd,Mitchel,Gd,0.0,910.0,910,816.0,2,0.0,TA,1997,60,1996,213000
6,1394,Gd,NAmes,TA,609.0,1394.0,1394,514.0,1,247.0,TA,1963,20,1963,159000
7,1478,Gd,Mitchel,TA,1239.0,1454.0,1478,506.0,2,0.0,TA,1992,20,1991,210000
3,864,TA,Edwards,TA,41.0,864.0,864,0.0,1,0.0,TA,1950,30,1914,67000
6,1829,TA,NWAmes,TA,506.0,1829.0,1829,535.0,2,120.0,TA,1967,20,1967,218500
7,1812,Gd,Somerst,TA,0.0,952.0,952,469.0,2,,Gd,2002,60,2002,205000
6,1981,Gd,ClearCr,Gd,964.0,1117.0,1117,522.0,2,288.0,TA,1992,60,1978,230000
8,1595,Gd,Somerst,Gd,0.0,1595.0,1595,880.0,2,226.0,Gd,2006,20,2005,221500
7,1641,TA,OldTown,Ex,16.0,728.0,832,546.0,1,0.0,TA,1990,70,1925,178000
8,1651,Gd,CollgCr,Gd,0.0,1643.0,1651,870.0,2,306.0,Gd,2007,20,2007,246500
7,1200,Gd,SawyerW,Gd,833.0,1176.0,1200,555.0,2,,Gd,2003,20,2003,184900
5,1728,TA,NAmes,TA,1500.0,1728.0,1728,0.0,2,144.0,TA,2001,90,1962,84900
5,1507,TA,NAmes,TA,666.0,1075.0,1507,404.0,2,0.0,TA,1960,80,1960,127000
8,1456,Gd,Blmngtn,Gd,0.0,1273.0,1456,400.0,2,40.0,Gd,2003,120,2003,215000
4,968,,OldTown,TA,0.0,0.0,968,331.0,1,1.0,TA,1956,20,1956,104500
9,1792,Ex,NridgHt,Ex,1567.0,1792.0,1792,874.0,2,562.0,Gd,2004,20,2003,374000
7,1717,Gd,Timber,Gd,902.0,1156.0,1187,400.0,2,117.0,Gd,1991,50,1990,187500
7,1456,Gd,CollgCr,Gd,0.0,728.0,728,440.0,2,0.0,Gd,2006,60,2006,155835
7,1374,Gd,Gilbert,Gd,241.0,384.0,744,400.0,2,0.0,Gd,2004,80,2004,167000
5,1302,TA,BrDale,TA,0.0,630.0,630,440.0,2,304.0,TA,1970,160,1970,106000
6,1734,TA,NAmes,Gd,600.0,912.0,1085,440.0,1,0.0,TA,1981,50,1962,159000
6,1461,TA,Crawfor,TA,0.0,686.0,686,225.0,1,0.0,TA,1991,70,1926,135000
6,1574,Gd,NWAmes,TA,712.0,796.0,790,566.0,2,120.0,TA,1976,60,1976,190000
8,1656,Gd,Somerst,Gd,24.0,1656.0,1656,826.0,2,0.0,Gd,2006,20,2006,249700
6,1906,TA,Crawfor,TA,784.0,1310.0,1906,576.0,1,420.0,TA,1954,20,1954,224000
4,914,TA,NAmes,TA,314.0,914.0,914,270.0,1,0.0,TA,1961,20,1961,128000
6,987,TA,BrDale,TA,483.0,483.0,483,352.0,1,422.0,TA,1972,160,1972,100500
5,1302,TA,BrDale,TA,350.0,630.0,630,264.0,2,356.0,TA,1972,160,1972,111750
4,876,TA,Edwards,TA,332.0,876.0,876,320.0,1,0.0,TA,1959,20,1959,85000
5,1505,TA,BrkSide,TA,399.0,883.0,988,240.0,1,0.0,TA,1982,50,1940,145000
6,1991,TA,Crawfor,TA,297.0,854.0,1096,432.0,1,480.0,TA,1950,50,1932,220000
9,2234,Ex,StoneBr,Ex,1904.0,2216.0,2234,1166.0,2,748.0,Ex,2009,20,2008,501837
8,2090,Gd,CollgCr,Gd,1079.0,1220.0,1220,556.0,2,438.0,Gd,1996,60,1995,240000
4,864,TA,NAmes,TA,432.0,864.0,864,0.0,1,0.0,TA,1971,20,1971,115000
6,2267,Gd,Gilbert,Gd,0.0,1010.0,1010,390.0,2,0.0,Gd,2002,60,2002,200000
8,1836,Gd,Somerst,Gd,0.0,1836.0,1836,517.0,2,288.0,Gd,2009,20,2008,264500
4,1324,TA,BrkSide,TA,672.0,672.0,757,240.0,1,0.0,TA,1950,50,1936,128000
6,1960,Gd,Gilbert,Gd,625.0,860.0,860,440.0,2,,Gd,2002,60,2002,216500
5,1297,TA,NAmes,TA,1213.0,1297.0,1297,498.0,1,650.0,TA,1990,20,1954,153000
4,1128,TA,IDOTRR,TA,0.0,698.0,698,528.0,1,0.0,TA,1950,50,1920,68400
6,1565,TA,NAmes,Gd,901.0,1187.0,1565,299.0,2,0.0,TA,2000,190,1965,185900
7,2082,Gd,OldTown,Gd,0.0,1362.0,1362,484.0,2,0.0,TA,2003,50,2003,200000
5,1128,TA,NAmes,TA,812.0,936.0,1128,286.0,1,0.0,TA,1954,20,1954,118000
7,1986,TA,NAmes,TA,454.0,768.0,1186,486.0,2,176.0,TA,1990,60,1965,205000
5,1342,Fa,Edwards,TA,557.0,1342.0,1342,256.0,1,0.0,TA,1951,20,1951,125000
6,1436,TA,OldTown,TA,590.0,884.0,884,828.0,2,0.0,TA,1950,190,1940,155000
9,2668,Ex,NridgHt,Ex,1016.0,1572.0,1572,726.0,2,664.0,Gd,2004,60,2003,412500
5,1479,TA,Mitchel,TA,476.0,864.0,864,275.0,2,0.0,TA,1969,50,1969,161000
8,2250,Gd,NridgHt,Gd,578.0,1671.0,1687,756.0,2,232.0,Gd,2002,60,2002,320000
8,788,Gd,Greens,Gd,728.0,728.0,788,484.0,1,0.0,Gd,1980,120,1980,155000
7,1490,Gd,Gilbert,Gd,724.0,788.0,788,388.0,2,0.0,Gd,2005,60,2004,184000
7,1391,Gd,Somerst,Gd,16.0,1391.0,1391,530.0,2,0.0,Gd,2004,120,2004,196000
7,1632,Gd,Gilbert,TA,0.0,935.0,955,462.0,2,0.0,TA,1998,60,1998,176500
7,1929,Gd,Somerst,Gd,738.0,1057.0,1057,650.0,2,0.0,Gd,2001,60,2001,226000
8,1534,Gd,Somerst,Gd,28.0,1524.0,1534,484.0,2,248.0,Gd,2006,20,2006,215000
7,1428,Gd,Somerst,Ex,0.0,1417.0,1428,554.0,2,256.0,Gd,2008,20,2008,227680
6,2210,TA,OldTown,Fa,0.0,1008.0,1178,205.0,2,0.0,TA,1950,70,1880,117500
8,1953,Gd,Somerst,Gd,0.0,1082.0,1082,1043.0,2,0.0,Gd,2006,60,2005,252000
5,1076,TA,CollgCr,TA,294.0,1076.0,1076,576.0,1,176.0,TA,1975,20,1975,143195
5,1712,TA,NAmes,TA,528.0,1626.0,1712,588.0,2,122.0,TA,2005,90,1959,145000
6,1516,TA,NAmes,TA,196.0,1516.0,1516,472.0,1,180.0,TA,1964,20,1964,167000
5,1393,TA,Edwards,TA,0.0,816.0,872,300.0,1,0.0,TA,1955,50,1955,135500
4,1092,TA,MeadowV,TA,0.0,546.0,546,286.0,1,0.0,TA,1976,160,1976,75190
8,2475,Ex,NoRidge,Gd,0.0,1629.0,1645,962.0,2,114.0,Gd,1998,60,1998,355000
5,1048,TA,BrkSide,TA,0.0,993.0,1048,280.0,1,0.0,TA,1950,45,1922,113000
3,1040,,NAmes,TA,0.0,0.0,1040,400.0,2,0.0,TA,1950,90,1950,92900
8,2225,Gd,NoRidge,Gd,1129.0,1390.0,1402,713.0,2,180.0,Gd,1993,60,1992,285000
6,951,TA,NAmes,Gd,745.0,951.0,951,480.0,1,0.0,Gd,2007,20,1958,143500
5,912,TA,NAmes,TA,456.0,912.0,912,275.0,1,1.0,TA,1958,20,1958,114500
6,1487,TA,Edwards,TA,94.0,735.0,798,220.0,1,0.0,TA,1950,50,1945,113000
8,1589,Gd,Blmngtn,Gd,1084.0,1406.0,1589,630.0,2,72.0,Gd,2003,120,2003,226500
6,1481,Gd,Gilbert,TA,0.0,702.0,702,343.0,2,0.0,TA,1995,60,1994,174000
6,1232,TA,Crawfor,Gd,0.0,816.0,1232,440.0,1,0.0,Gd,2000,30,1916,147500
5,1134,TA,NAmes,TA,588.0,1010.0,1134,254.0,1,45.0,TA,2002,20,1960,135000
6,2264,TA,OldTown,TA,0.0,1100.0,1100,408.0,2,0.0,TA,1995,70,1918,200000
9,1868,Ex,NridgHt,Ex,1505.0,1868.0,1868,1085.0,2,568.0,Ex,2005,20,2005,415000
6,1683,TA,Sawyer,TA,226.0,918.0,918,440.0,2,92.0,TA,1978,60,1978,172500
4,1346,Fa,Edwards,TA,0.0,560.0,796,384.0,1,0.0,TA,2000,50,1910,112000
5,1252,Fa,BrkSide,TA,0.0,504.0,936,576.0,1,0.0,TA,1991,50,1908,127000
8,1822,Ex,NridgHt,Ex,28.0,1822.0,1822,678.0,2,240.0,Gd,2006,20,2005,259000
5,694,TA,Crawfor,Gd,365.0,440.0,694,352.0,1,0.0,TA,2002,30,1913,90350
5,816,Gd,IDOTRR,TA,104.0,816.0,816,516.0,1,0.0,Fa,1963,90,1963,110000
7,1656,Gd,Edwards,Gd,0.0,746.0,760,397.0,2,92.0,Gd,2004,60,2003,165400
7,1690,Gd,CollgCr,Gd,0.0,845.0,845,517.0,2,0.0,Gd,2001,60,2001,190550
7,1547,Gd,Somerst,Gd,24.0,756.0,764,614.0,2,0.0,TA,2009,60,2009,215200
1,334,,BrkSide,Fa,0.0,0.0,334,0.0,1,0.0,Fa,1950,20,1946,39300
8,2064,Gd,Gilbert,Gd,0.0,1074.0,1074,527.0,2,216.0,Gd,2005,60,2005,250000
6,1888,TA,NAmes,Gd,247.0,1517.0,1888,578.0,2,0.0,Gd,2002,20,1966,190000
5,1535,,SawyerW,TA,0.0,0.0,1535,410.0,2,0.0,TA,1979,90,1979,118964
6,2624,Gd,Crawfor,TA,1128.0,1370.0,1370,864.0,2,0.0,TA,1950,70,1918,239000
7,1928,Gd,CollgCr,Gd,0.0,847.0,847,434.0,2,0.0,Gd,2004,60,2003,219500
5,1464,Gd,Sawyer,TA,444.0,520.0,1464,480.0,2,0.0,TA,1999,80,1963,175000
7,2122,Gd,SawyerW,Gd,637.0,913.0,913,559.0,2,132.0,Gd,1997,60,1996,220000
6,1054,Gd,NAmes,TA,602.0,1054.0,1054,460.0,1,0.0,TA,1969,20,1969,151000
4,992,Gd,MeadowV,TA,503.0,530.0,530,297.0,1,0.0,TA,1970,180,1970,106500
6,1116,TA,NAmes,TA,0.0,1116.0,1116,440.0,1,261.0,TA,1962,20,1962,160000
7,1208,Gd,CollgCr,Gd,686.0,1187.0,1208,632.0,2,24.0,Gd,2006,20,2006,206000
5,1285,TA,BrkSide,TA,336.0,672.0,1072,240.0,1,0.0,TA,2001,50,1948,127000
5,1282,TA,SWISU,TA,485.0,672.0,778,240.0,1,0.0,TA,1979,190,1942,108500
9,2452,Ex,NridgHt,Ex,1972.0,2452.0,2452,886.0,2,724.0,Gd,2003,20,2003,445000
6,1096,TA,Sawyer,TA,528.0,1008.0,1096,484.0,1,39.0,TA,1978,80,1978,157500
6,1113,TA,Edwards,TA,751.0,1143.0,1113,504.0,1,174.0,TA,1976,20,1976,148000
6,1362,Fa,BrkSide,TA,0.0,611.0,751,502.0,2,0.0,TA,1999,70,1920,128000
2,498,TA,Edwards,TA,0.0,498.0,498,216.0,1,0.0,TA,1955,30,1922,35000
6,1072,Gd,Edwards,Gd,467.0,547.0,1072,525.0,1,76.0,TA,2005,180,2005,140000
8,2520,Ex,NridgHt,Ex,1230.0,1508.0,1508,640.0,2,20.0,Gd,2007,60,2007,409900
8,2439,Gd,CollgCr,Gd,1198.0,1531.0,1531,560.0,2,256.0,Gd,2001,60,2001,275000
6,1556,TA,NWAmes,TA,298.0,727.0,829,441.0,1,0.0,TA,1968,60,1968,154000
10,3390,Ex,StoneBr,Ex,0.0,1528.0,1528,758.0,3,662.0,Ex,2006,60,2006,545224
5,1344,Gd,BrkSide,TA,0.0,896.0,896,240.0,1,0.0,TA,1950,50,1936,115000
5,1107,TA,NAmes,Gd,474.0,949.0,1107,308.0,1,0.0,TA,1993,20,1967,127000
5,899,TA,Sawyer,Gd,450.0,864.0,899,288.0,1,89.0,TA,2004,20,1967,130000
6,1350,Gd,NWAmes,TA,0.0,1064.0,1350,478.0,2,174.0,TA,1974,20,1974,165000
6,1074,TA,Edwards,Gd,104.0,663.0,1074,467.0,1,0.0,TA,1987,20,1950,144500
5,1050,TA,NAmes,TA,915.0,1050.0,1050,368.0,1,0.0,TA,1961,20,1961,136500
6,1218,TA,BrkSide,TA,375.0,735.0,869,440.0,1,0.0,TA,1950,50,1941,131000
6,848,Gd,CollgCr,Gd,662.0,848.0,848,420.0,1,169.0,Gd,2004,120,2004,143000
4,1788,TA,ClearCr,TA,0.0,1104.0,1104,304.0,1,0.0,TA,1989,50,1957,161500
5,1422,TA,Crawfor,TA,319.0,1290.0,1422,352.0,1,0.0,TA,1950,30,1926,136500
8,1713,Ex,NridgHt,Ex,1088.0,1713.0,1713,856.0,2,262.0,Gd,2005,20,2004,274900
4,1040,,NAmes,TA,0.0,0.0,1040,420.0,2,0.0,TA,1950,90,1949,90000
7,1226,Gd,CollgCr,Gd,0.0,1226.0,1226,740.0,2,0.0,TA,2009,20,2009,198900
5,1601,TA,IDOTRR,TA,0.0,936.0,936,0.0,2,0.0,Gd,2003,50,1925,129850
5,1160,TA,Mitchel,Gd,785.0,1113.0,1160,257.0,1,0.0,TA,1968,20,1968,152500
6,1179,TA,Edwards,TA,0.0,1179.0,1179,622.0,1,198.0,TA,1960,20,1960,110000
7,1795,Gd,CollgCr,Gd,0.0,879.0,879,578.0,2,0.0,Gd,2006,60,2005,191000
5,1043,TA,NAmes,TA,0.0,938.0,1043,273.0,1,0.0,TA,1950,20,1947,137000
8,2826,Ex,NoRidge,Gd,1118.0,1334.0,1520,888.0,2,692.0,Gd,1993,60,1992,334000
6,1664,TA,BrkSide,TA,399.0,1004.0,1004,420.0,2,0.0,TA,1950,50,1947,159000
8,1606,Gd,NridgHt,Gd,0.0,1598.0,1606,871.0,2,383.0,Gd,2006,20,2006,255900
5,1033,Gd,Edwards,TA,456.0,456.0,1033,504.0,1,222.0,TA,1976,85,1976,165000
5,1022,TA,OldTown,TA,247.0,1022.0,1022,280.0,1,0.0,TA,2006,30,1910,85000
5,1056,TA,Gilbert,TA,1056.0,1056.0,1056,572.0,1,0.0,TA,1955,190,1955,145000
7,1073,Gd,SWISU,TA,510.0,1073.0,1073,246.0,2,0.0,TA,2004,20,2004,157000
6,2158,TA,Edwards,Gd,477.0,1202.0,2158,576.0,2,0.0,TA,2001,20,1950,243000
6,1657,Gd,NAmes,TA,1237.0,1657.0,1657,484.0,2,0.0,TA,1970,20,1970,163500
8,1671,Gd,Veenker,Ex,1044.0,1426.0,1671,550.0,3,0.0,Ex,2007,20,1976,290000
5,1012,TA,SawyerW,TA,0.0,816.0,1012,429.0,1,0.0,TA,1950,30,1920,67500
6,1419,Gd,NAmes,Gd,951.0,1487.0,1419,543.0,2,0.0,Gd,2002,120,2002,190000
7,1456,Gd,CollgCr,Gd,648.0,728.0,728,410.0,2,0.0,Gd,2005,60,2005,189000
5,1056,TA,NAmes,TA,846.0,1056.0,1056,308.0,1,0.0,TA,1992,20,1958,139000
8,2550,Ex,NridgHt,Ex,0.0,1108.0,1148,670.0,2,190.0,Gd,2007,60,2006,338931
6,2526,TA,OldTown,Gd,168.0,714.0,1664,216.0,2,0.0,TA,1950,50,1916,136000
7,1630,Gd,Gilbert,Gd,0.0,868.0,868,436.0,2,200.0,Gd,2005,60,2004,189500
7,1402,Gd,Somerst,Gd,0.0,1402.0,1402,625.0,2,0.0,Gd,2008,20,2008,229800
6,987,TA,BrDale,Gd,162.0,483.0,483,264.0,1,510.0,TA,2007,160,1972,118000
8,1811,Gd,Somerst,Gd,225.0,972.0,972,565.0,2,0.0,Gd,2002,60,2002,235000
6,987,TA,BrDale,TA,0.0,483.0,483,288.0,1,297.0,TA,1972,160,1972,94500
4,1152,,Edwards,Fa,0.0,0.0,1152,0.0,2,128.0,TA,1955,90,1955,61500
5,1484,Gd,NWAmes,TA,998.0,1484.0,1484,487.0,2,0.0,TA,1971,20,1971,175000
8,1787,Gd,CollgCr,Gd,0.0,1753.0,1787,748.0,2,178.0,Gd,2002,20,2001,275000
6,1944,TA,OldTown,TA,633.0,972.0,972,324.0,2,0.0,TA,1950,90,1910,103500
5,1159,TA,OldTown,TA,0.0,747.0,747,288.0,1,0.0,TA,1950,50,1925,114000
8,2622,Ex,NoRidge,Gd,1032.0,1463.0,1500,712.0,2,362.0,Gd,1995,60,1994,325000
8,1788,Gd,CollgCr,Ex,0.0,1753.0,1788,522.0,2,0.0,Gd,2001,20,2001,236500
6,2486,TA,OldTown,TA,0.0,1595.0,1611,576.0,2,0.0,TA,1962,50,1962,220000
7,1496,Gd,Gilbert,Gd,554.0,654.0,664,426.0,2,0.0,Gd,2006,60,2006,179665
5,1800,TA,NAmes,TA,0.0,1800.0,1800,0.0,2,0.0,TA,1961,90,1961,130000
5,864,TA,Sawyer,TA,775.0,864.0,864,280.0,1,0.0,TA,1968,20,1968,137250
4,1680,Gd,Crawfor,Gd,0.0,1680.0,1680,628.0,2,0.0,TA,1996,20,1995,170000
6,1671,TA,NWAmes,TA,363.0,1427.0,1671,484.0,2,101.0,TA,1986,20,1978,200000
7,1358,Gd,Somerst,Gd,0.0,1339.0,1358,625.0,2,0.0,Gd,2000,20,1999,204000
7,1400,Gd,SawyerW,Gd,0.0,1400.0,1400,612.0,2,118.0,Gd,2006,20,2005,186800
7,1836,Gd,CollgCr,Gd,24.0,1860.0,1836,484.0,2,0.0,Gd,2005,20,2004,216837
5,1770,Gd,NAmes,TA,361.0,900.0,884,530.0,1,300.0,TA,1968,60,1968,155000
7,2448,TA,NAmes,TA,636.0,1438.0,1900,441.0,3,0.0,TA,1998,60,1962,277500
7,1804,TA,Gilbert,Gd,0.0,994.0,1028,442.0,2,0.0,TA,1999,60,1999,189000
5,864,TA,NAmes,TA,110.0,864.0,864,294.0,1,0.0,TA,1962,20,1962,125500
6,2411,TA,NWAmes,TA,915.0,1008.0,1403,570.0,2,525.0,TA,1970,60,1970,240050
5,1284,TA,OldTown,TA,312.0,720.0,720,240.0,1,0.0,TA,1950,50,1947,110000
7,1692,Gd,CollgCr,TA,353.0,878.0,892,513.0,2,0.0,TA,1998,60,1997,191000
8,2234,Ex,StoneBr,Gd,1558.0,2220.0,2234,724.0,1,945.0,Gd,2006,20,2006,441929
6,2119,TA,NWAmes,TA,0.0,689.0,1378,583.0,2,333.0,TA,1972,80,1972,158000
5,816,TA,Mitchel,TA,816.0,816.0,816,816.0,1,0.0,TA,2003,20,1982,138000
7,2365,Gd,Crawfor,Ex,803.0,1803.0,2365,551.0,2,0.0,Gd,2009,20,1971,315000
5,1416,TA,Sawyer,Gd,0.0,816.0,1416,576.0,2,0.0,TA,2007,30,1918,112000
7,2183,Gd,NWAmes,Gd,1002.0,1204.0,1377,786.0,2,178.0,Gd,1988,50,1988,229000
6,1261,TA,NAmes,TA,662.0,1261.0,1261,433.0,1,0.0,TA,1958,20,1958,163000
5,960,TA,OldTown,TA,0.0,850.0,960,576.0,1,0.0,Gd,1980,30,1926,103000
6,2134,TA,BrkSide,Gd,0.0,844.0,1445,441.0,2,0.0,TA,1994,75,1916,214500
7,1541,Gd,NridgHt,Gd,1201.0,1541.0,1541,532.0,2,226.0,Gd,2005,20,2005,220000
7,1728,Gd,CollgCr,Gd,0.0,864.0,864,572.0,2,0.0,Gd,2004,60,2004,190000
5,1114,Gd,SawyerW,Gd,836.0,1114.0,1114,576.0,2,0.0,TA,2004,20,2003,153000
8,1924,Gd,NoRidge,Gd,956.0,1086.0,1086,592.0,2,530.0,Gd,1998,60,1998,280000
5,1383,Gd,Sawyer,TA,1064.0,1383.0,1383,354.0,1,0.0,TA,1954,20,1954,165000
7,1250,Gd,Somerst,Gd,0.0,625.0,625,625.0,2,0.0,Gd,2007,160,2006,171900
6,1069,Gd,NPkVill,TA,559.0,1069.0,1069,440.0,2,0.0,TA,1977,120,1977,140000
7,2050,Gd,NWAmes,Gd,0.0,832.0,1154,529.0,2,256.0,TA,1978,60,1978,154000
6,1105,TA,NAmes,TA,546.0,1105.0,1105,308.0,1,143.0,TA,1957,20,1957,135000
6,1190,Gd,Gilbert,Gd,0.0,1181.0,1190,430.0,2,45.0,TA,1993,20,1993,166000
5,1110,Gd,Mitchel,Gd,1097.0,1097.0,1110,602.0,1,104.0,TA,1978,85,1978,165500
5,1271,TA,Sawyer,TA,0.0,720.0,720,312.0,2,0.0,TA,1950,50,1948,135000
8,1932,Ex,NridgHt,Ex,1336.0,1932.0,1932,774.0,2,426.0,Ex,2008,20,2008,394617
7,1220,Gd,Blmngtn,Gd,16.0,1220.0,1220,397.0,2,16.0,Gd,2006,120,2005,180000
6,1096,TA,Edwards,TA,0.0,572.0,572,0.0,1,0.0,TA,1950,50,1924,79000
4,747,Fa,BrkSide,TA,0.0,600.0,747,528.0,1,108.0,TA,1953,30,1926,79900
8,1537,Ex,Timber,Gd,1036.0,1518.0,1537,788.0,2,258.0,Gd,2007,20,2006,294000
5,1027,TA,NAmes,TA,520.0,1027.0,1027,299.0,1,0.0,TA,1962,20,1962,125900
5,990,Gd,CollgCr,TA,420.0,990.0,990,384.0,1,0.0,TA,1994,20,1994,146000
6,1495,Gd,Timber,TA,0.0,1495.0,1495,438.0,2,128.0,TA,1989,20,1989,150000
7,2156,TA,NWAmes,TA,297.0,1568.0,2156,508.0,2,0.0,TA,2003,20,1968,262500
7,2069,Gd,NAmes,Gd,425.0,585.0,2069,505.0,2,0.0,TA,2007,20,1960,242000
9,1561,Ex,NridgHt,Ex,1153.0,1561.0,1561,556.0,2,246.0,Ex,2005,120,2005,277500
5,876,Fa,NAmes,TA,432.0,876.0,876,576.0,1,0.0,TA,1951,20,1951,94000
6,1040,TA,Sawyer,TA,794.0,960.0,1040,616.0,1,200.0,TA,1978,80,1978,160500
7,1744,Gd,SawyerW,Gd,402.0,996.0,1014,457.0,2,0.0,Gd,2003,60,1993,194500
6,1740,TA,NWAmes,TA,301.0,1740.0,1740,512.0,1,0.0,TA,1968,20,1968,150000
9,1800,Ex,CollgCr,Ex,0.0,1800.0,1800,702.0,2,0.0,Gd,2007,20,2007,239000
5,1728,TA,NAmes,TA,40.0,1728.0,1728,352.0,2,84.0,TA,1964,90,1964,119000
6,1026,Gd,Mitchel,TA,924.0,970.0,1026,528.0,1,0.0,TA,1974,85,1974,143000
6,1578,TA,NAmes,Fa,403.0,806.0,958,240.0,1,0.0,TA,1950,50,1941,133000
5,1025,Gd,CollgCr,TA,502.0,1015.0,1025,370.0,2,113.0,TA,1976,80,1976,153500
5,1268,TA,NAmes,TA,540.0,1268.0,1268,244.0,1,200.0,TA,1954,20,1954,132000
6,1430,TA,Veenker,TA,800.0,1430.0,1430,484.0,2,144.0,TA,1974,20,1974,192000
7,1710,Ex,Mitchel,Gd,0.0,1710.0,1710,550.0,2,108.0,Gd,2005,20,2004,240000
4,572,TA,IDOTRR,TA,0.0,572.0,572,200.0,1,0.0,TA,1950,30,1925,75000
5,2126,TA,ClearCr,TA,249.0,1013.0,1160,538.0,2,0.0,TA,1967,60,1967,185000
4,1317,TA,IDOTRR,TA,0.0,649.0,649,250.0,1,0.0,TA,1950,70,1920,40000
6,1362,TA,NAmes,TA,288.0,1362.0,1362,504.0,1,491.0,TA,1961,20,1961,163000
8,1468,Gd,Somerst,Gd,0.0,1468.0,1468,898.0,2,72.0,Gd,2009,20,2008,244600
7,1339,Gd,Timber,TA,1053.0,1309.0,1339,484.0,2,54.0,TA,1990,20,1990,180000
6,1376,TA,BrkSide,Gd,0.0,768.0,752,576.0,1,0.0,TA,1950,50,1920,165000
4,960,TA,OldTown,Fa,250.0,960.0,960,308.0,1,0.0,TA,1950,30,1920,108500
7,1079,TA,Edwards,TA,0.0,570.0,617,249.0,1,0.0,TA,1950,50,1948,125600
5,1520,TA,SWISU,TA,182.0,793.0,848,281.0,1,0.0,TA,2000,50,1932,159434
7,1463,Gd,CollgCr,TA,950.0,1463.0,1463,539.0,2,0.0,TA,1998,20,1998,207000
7,1802,Fa,Crawfor,TA,352.0,793.0,901,216.0,1,0.0,TA,1950,70,1920,200100
8,2956,Gd,NridgHt,Ex,0.0,1706.0,1718,916.0,2,502.0,Gd,2004,60,2004,342000
6,1524,Gd,Somerst,Gd,353.0,756.0,768,440.0,2,513.0,Gd,2000,160,2000,166000
6,1246,TA,NAmes,TA,939.0,1246.0,1246,441.0,1,0.0,TA,1964,80,1964,172000
8,2726,Gd,NoRidge,Gd,527.0,1342.0,1358,725.0,2,397.0,Gd,1995,60,1995,350000
3,792,TA,OldTown,TA,0.0,792.0,792,366.0,1,0.0,TA,1958,20,1958,99900
5,1028,TA,OldTown,TA,0.0,1008.0,1028,360.0,1,0.0,TA,1950,30,1927,115000
9,1940,Ex,NridgHt,Ex,1646.0,1930.0,1940,606.0,2,450.0,Ex,2010,20,2009,395192
7,1909,Gd,CollgCr,Gd,0.0,872.0,872,529.0,2,0.0,Gd,2002,60,2002,197000
8,1742,TA,OldTown,Gd,216.0,916.0,916,424.0,1,0.0,Gd,1986,70,1882,168000
7,1923,Gd,NoRidge,Gd,674.0,750.0,1061,564.0,2,0.0,Gd,1992,60,1992,190000
6,1004,Gd,Mitchel,TA,975.0,975.0,1004,504.0,1,90.0,TA,1977,90,1977,135000
3,729,TA,BrkSide,TA,0.0,270.0,729,0.0,1,0.0,Gd,2003,30,1935,52000
8,1226,Gd,Greens,Gd,652.0,1226.0,1226,484.0,1,0.0,Gd,1978,120,1978,170000
8,1494,Gd,Veenker,Gd,457.0,1494.0,1494,478.0,1,0.0,Gd,1995,120,1994,279700
9,1557,Gd,Somerst,Ex,1141.0,1557.0,1557,484.0,2,260.0,Gd,2000,120,1999,305000
5,808,,BrkSide,TA,0.0,0.0,808,164.0,1,0.0,TA,1995,30,1945,81300
4,1768,TA,Sawyer,TA,0.0,1768.0,1768,0.0,2,0.0,TA,1968,90,1968,136500
7,1971,Gd,Somerst,Gd,341.0,1113.0,1113,689.0,2,0.0,Gd,2005,60,2005,253000
8,2100,Ex,NridgHt,Ex,778.0,918.0,958,786.0,2,120.0,Ex,2007,60,2007,319500
7,2646,Gd,NoRidge,Gd,987.0,1347.0,1372,656.0,2,256.0,Gd,1993,60,1993,260000
6,1456,Gd,Gilbert,TA,0.0,728.0,728,429.0,2,0.0,Gd,2006,60,2006,172785
5,1065,TA,NAmes,TA,0.0,1065.0,1065,461.0,1,66.0,TA,1960,20,1960,126500
6,1674,Gd,Edwards,TA,0.0,1163.0,1163,396.0,2,0.0,TA,1950,50,1918,185000
6,1556,Gd,Blueste,TA,81.0,716.0,716,452.0,2,0.0,TA,1980,160,1980,151000
6,1182,Fa,OldTown,TA,310.0,770.0,885,378.0,1,0.0,TA,1950,50,1945,120000
7,1240,Gd,CollgCr,Gd,0.0,1240.0,1240,826.0,2,0.0,Gd,2006,20,2006,194000
8,1689,Gd,Mitchel,Gd,1218.0,1568.0,1689,857.0,2,148.0,Gd,2002,20,2002,271000
6,1431,Gd,NAmes,TA,371.0,1099.0,1431,296.0,1,305.0,TA,1962,80,1962,165000
7,1652,Gd,CollgCr,Gd,527.0,782.0,782,532.0,2,120.0,Gd,2000,60,2000,207500
7,1409,Gd,Mitchel,Gd,1392.0,1409.0,1409,576.0,1,0.0,Gd,2002,20,2002,245000
8,1964,Gd,Somerst,Gd,0.0,1100.0,1116,760.0,2,192.0,Gd,2006,60,2005,252000
9,2758,Ex,NridgHt,Ex,0.0,1704.0,1722,814.0,2,365.0,Gd,2006,60,2005,418000
5,1265,TA,NAmes,Gd,633.0,1219.0,1265,502.0,2,0.0,TA,1999,80,1965,179900
6,1118,TA,Mitchel,TA,522.0,1096.0,1118,358.0,1,0.0,TA,1977,80,1977,171000
9,1978,Ex,Timber,Ex,1640.0,1978.0,1978,920.0,2,290.0,Ex,2007,20,2007,425000
6,1403,TA,IDOTRR,TA,276.0,698.0,754,308.0,1,0.0,TA,1965,190,1915,116000
5,835,TA,Edwards,TA,108.0,458.0,835,366.0,1,0.0,TA,1950,30,1920,83000
5,1539,TA,BrkSide,TA,0.0,927.0,1067,576.0,1,0.0,TA,1950,50,1936,141500
5,1728,TA,Mitchel,TA,1606.0,1728.0,1728,560.0,2,0.0,TA,1976,90,1976,188000
9,1709,Ex,Somerst,Gd,1238.0,1698.0,1709,506.0,2,60.0,Gd,2000,120,1999,328900
8,1247,Gd,Somerst,Gd,1039.0,1247.0,1247,550.0,1,0.0,Gd,2005,120,2005,197000
6,1252,TA,NAmes,TA,280.0,1032.0,1032,288.0,1,0.0,TA,1950,50,1950,119000
7,1455,Gd,Blmngtn,Gd,1073.0,1415.0,1455,644.0,2,143.0,Gd,2003,120,2003,195000
6,865,TA,Edwards,TA,144.0,660.0,740,216.0,1,0.0,TA,1995,40,1920,108500
7,1626,Gd,NridgHt,Gd,0.0,764.0,764,474.0,2,106.0,Gd,2004,160,2003,155000
9,2944,Gd,Veenker,Gd,410.0,994.0,1599,864.0,2,1050.0,Gd,1977,60,1977,150000
5,864,TA,Edwards,TA,468.0,864.0,864,0.0,1,0.0,TA,1950,30,1925,98000
6,1456,Gd,Gilbert,Gd,0.0,728.0,728,390.0,2,0.0,Gd,2006,60,2005,170440
4,1529,,Edwards,TA,0.0,0.0,1088,240.0,2,0.0,TA,1950,50,1945,98000
6,1194,TA,NAmes,TA,0.0,1194.0,1194,312.0,1,220.0,TA,1959,20,1959,148000
4,951,TA,IDOTRR,TA,285.0,951.0,951,327.0,1,0.0,TA,1950,30,1936,106500
7,1611,Gd,CollgCr,Gd,1234.0,1569.0,1611,1231.0,2,0.0,Gd,2002,20,2002,250000
6,1521,TA,OldTown,Gd,0.0,741.0,780,640.0,1,0.0,TA,2002,70,1910,146500
6,1137,Gd,Timber,Gd,980.0,1112.0,1137,551.0,2,72.0,TA,1987,20,1987,176000
7,2098,Gd,CollgCr,Gd,0.0,1040.0,1044,621.0,2,0.0,Gd,1997,60,1997,240000
6,923,Gd,SawyerW,TA,543.0,923.0,923,264.0,2,0.0,TA,1980,120,1980,143000
4,864,TA,NAmes,TA,726.0,864.0,864,576.0,1,0.0,TA,1970,20,1970,76500
6,1731,Gd,SawyerW,Gd,758.0,836.0,844,462.0,2,0.0,Gd,1993,60,1992,248500
6,2279,TA,Timber,Gd,0.0,585.0,2279,461.0,2,1224.0,TA,1995,20,1958,257000
6,2201,Gd,Edwards,Gd,0.0,697.0,1575,432.0,2,0.0,Gd,1966,80,1966,274970
4,864,TA,NAmes,Gd,375.0,864.0,864,660.0,1,0.0,TA,1970,20,1970,120500
4,1258,Gd,Sawyer,TA,1198.0,1198.0,1258,400.0,0,0.0,TA,1969,90,1969,108959
6,1889,Gd,Gilbert,TA,732.0,982.0,1008,431.0,2,0.0,TA,2000,60,2000,215000
5,1216,TA,NAmes,TA,288.0,1216.0,1216,336.0,1,0.0,TA,1955,20,1955,129500
6,1320,Gd,NWAmes,TA,962.0,1232.0,1320,495.0,2,509.0,TA,1971,85,1971,172500
5,879,TA,CollgCr,TA,330.0,864.0,879,440.0,1,0.0,TA,1975,20,1975,120000
5,2350,TA,OldTown,TA,234.0,973.0,1377,393.0,2,0.0,TA,1960,190,1920,130000
7,1102,Gd,Somerst,Gd,239.0,551.0,551,480.0,2,0.0,Gd,2004,160,2004,148800
4,1126,,Edwards,Gd,0.0,0.0,1126,520.0,2,0.0,TA,2003,20,1949,108000
4,1273,TA,Edwards,Gd,0.0,616.0,1055,275.0,1,0.0,TA,1993,50,1910,121000
4,858,TA,NAmes,TA,614.0,858.0,858,0.0,1,0.0,TA,1971,20,1971,88000
8,2898,Gd,Timber,Gd,1165.0,1565.0,2898,665.0,2,0.0,Gd,1976,20,1976,287000
9,2334,Ex,NridgHt,Ex,0.0,1590.0,1627,751.0,2,162.0,Ex,2010,60,2009,376162
9,2640,Ex,Somerst,Ex,1836.0,2036.0,2036,792.0,3,0.0,Gd,2006,60,2006,405749
6,816,Gd,Edwards,TA,816.0,816.0,816,0.0,1,104.0,TA,1990,90,1990,118500
5,1211,TA,Sawyer,TA,612.0,864.0,1211,576.0,1,0.0,TA,2002,20,1962,144000
6,1604,TA,Gilbert,TA,706.0,926.0,926,470.0,2,0.0,TA,1998,60,1997,187500
5,1475,Gd,MeadowV,TA,318.0,550.0,925,336.0,2,0.0,TA,1976,160,1976,129500
6,1640,Gd,SawyerW,Gd,0.0,798.0,798,520.0,2,0.0,Gd,2004,60,2004,173000
5,1572,TA,Timber,TA,1159.0,1572.0,1572,995.0,1,226.0,TA,1963,20,1963,186700
5,1053,TA,NAmes,Gd,288.0,1053.0,1053,692.0,1,0.0,TA,1963,20,1963,142100
5,1041,TA,NAmes,TA,0.0,1041.0,1041,294.0,1,0.0,TA,1958,20,1958,128000
6,1412,TA,BrkSide,TA,0.0,780.0,825,280.0,1,0.0,TA,1950,50,1939,132500
6,1548,Gd,NPkVill,TA,320.0,804.0,804,440.0,2,0.0,TA,1978,160,1978,147000
5,1898,TA,Crawfor,TA,1116.0,1898.0,1898,484.0,2,0.0,TA,1956,20,1956,236500
6,1337,Gd,NAmes,Gd,0.0,1337.0,1337,511.0,2,0.0,Gd,2001,120,2001,155000
5,990,TA,CollgCr,TA,755.0,990.0,990,440.0,1,0.0,TA,1994,20,1994,143000
6,1644,TA,NAmes,TA,1285.0,1416.0,1644,418.0,1,238.0,TA,1953,20,1953,167000
7,1714,Gd,NWAmes,TA,394.0,980.0,980,496.0,2,42.0,TA,1988,60,1988,196500
5,1120,TA,NAmes,TA,644.0,864.0,1120,656.0,1,165.0,Gd,2004,20,1966,148800
7,1969,Gd,NWAmes,TA,0.0,808.0,1161,534.0,2,0.0,TA,1977,60,1977,190000
6,1285,TA,IDOTRR,TA,374.0,861.0,861,506.0,1,0.0,TA,1950,50,1926,145400
6,1494,TA,Sawyer,TA,126.0,1208.0,1494,461.0,2,250.0,TA,2002,20,1974,169000
6,1314,Gd,CollgCr,Gd,24.0,1314.0,1314,440.0,2,0.0,Gd,2006,20,2006,176432
5,1200,Gd,Edwards,TA,1200.0,1200.0,1200,0.0,3,0.0,TA,1988,90,1987,179000
6,1353,Gd,NWAmes,TA,903.0,1259.0,1353,478.0,2,253.0,TA,1999,20,1979,192350
6,1187,Gd,Gilbert,TA,935.0,1168.0,1187,420.0,2,0.0,TA,2007,20,1992,185000
6,1647,Gd,SWISU,Fa,0.0,806.0,841,216.0,1,0.0,TA,1950,70,1915,128000
7,1576,Gd,Blmngtn,Gd,1087.0,1393.0,1576,668.0,2,24.0,Gd,2004,120,2004,219990
4,952,TA,NAmes,TA,228.0,952.0,952,283.0,1,0.0,TA,1956,20,1956,135750
9,1947,Gd,CollgCr,Gd,1194.0,1357.0,1366,725.0,2,134.0,Gd,2002,60,2001,274000
7,1749,Gd,CollgCr,Gd,500.0,842.0,856,515.0,2,0.0,Gd,1999,60,1999,196000
6,2009,TA,Edwards,TA,0.0,672.0,1337,795.0,2,0.0,TA,1950,70,1928,235000
6,813,TA,OldTown,Gd,0.0,813.0,813,270.0,1,0.0,TA,2005,30,1930,110000
4,1200,Gd,Mitchel,TA,865.0,1200.0,1200,850.0,1,98.0,TA,1964,85,1964,173000
7,1080,Gd,Somerst,Gd,0.0,530.0,530,496.0,2,0.0,Gd,2003,160,2003,139000
8,1818,Ex,NridgHt,Ex,669.0,895.0,895,774.0,2,246.0,Gd,2007,60,2007,281500
8,2184,Gd,CollgCr,Gd,0.0,1068.0,1068,570.0,2,198.0,Gd,2003,60,2003,254750
5,1558,TA,IDOTRR,TA,420.0,910.0,910,282.0,1,0.0,TA,1950,50,1950,152000
2,438,TA,SWISU,Fa,290.0,290.0,438,246.0,1,0.0,TA,1950,30,1920,60000
8,2612,Gd,NoRidge,Gd,854.0,1225.0,1276,676.0,2,975.0,Gd,1999,60,1998,336000
8,1826,Gd,StoneBr,Gd,1422.0,1814.0,1826,758.0,2,238.0,Gd,2006,20,2005,319000
5,1094,Gd,SawyerW,Gd,729.0,1094.0,1094,576.0,1,126.0,Gd,2004,20,2003,149000
5,1274,Gd,Mitchel,TA,458.0,624.0,624,576.0,1,0.0,TA,1991,60,1991,136000
7,1436,Ex,Somerst,Gd,0.0,1436.0,1436,529.0,2,,Gd,2009,20,2008,225000
5,759,Fa,IDOTRR,TA,0.0,451.0,759,576.0,1,0.0,TA,1991,30,1912,85000
7,1964,TA,NWAmes,TA,403.0,803.0,1098,483.0,2,660.0,TA,1976,60,1976,205000
5,1124,,Edwards,TA,0.0,0.0,1124,0.0,1,0.0,TA,1954,20,1954,93000
7,1143,Gd,SawyerW,Gd,0.0,1143.0,1143,0.0,1,0.0,Gd,2006,20,2006,147000
6,1820,Gd,SawyerW,Gd,480.0,864.0,920,492.0,2,0.0,Gd,1997,60,1993,191750
7,1494,Gd,CollgCr,Gd,0.0,1494.0,1494,840.0,2,306.0,Gd,2007,20,2006,279500
6,1516,Gd,Gilbert,Gd,600.0,707.0,707,409.0,2,0.0,TA,1995,60,1994,181316
5,864,TA,CollgCr,TA,437.0,864.0,864,297.0,1,0.0,TA,1972,20,1972,119900
5,1738,TA,BrkSide,TA,175.0,1024.0,1144,240.0,2,0.0,TA,1950,50,1935,153000
7,1935,Gd,NWAmes,TA,0.0,793.0,1142,550.0,2,233.0,TA,1976,60,1976,197900
4,841,TA,SawyerW,TA,0.0,721.0,841,294.0,1,0.0,Fa,1950,20,1950,82000
7,1414,Gd,Blmngtn,Gd,0.0,1375.0,1414,398.0,2,18.0,Gd,2004,120,2004,178740
4,845,TA,Mitchel,TA,565.0,845.0,845,360.0,1,0.0,TA,2006,20,1982,129500
6,1392,TA,NAmes,TA,1040.0,1392.0,1392,458.0,1,387.0,TA,1957,20,1957,166000
6,864,TA,NAmes,Gd,414.0,864.0,864,288.0,1,207.0,TA,1959,20,1959,120000
6,1224,Ex,Mitchel,TA,883.0,1224.0,1224,402.0,2,425.0,TA,1999,120,1999,165000
8,1880,Ex,Somerst,Ex,745.0,955.0,955,880.0,2,,Gd,2007,60,2007,310013
5,1351,TA,Edwards,TA,130.0,901.0,901,576.0,1,0.0,TA,1950,50,1925,122000
6,1211,Gd,NWAmes,Gd,890.0,1211.0,1211,461.0,2,621.0,TA,1976,20,1976,161000
7,2197,Gd,NoRidge,Gd,228.0,1080.0,1108,783.0,2,320.0,Gd,1994,60,1993,287500
5,1086,TA,NAmes,TA,516.0,1024.0,1086,484.0,1,1047.0,TA,1966,80,1966,159950
9,2504,Gd,StoneBr,Ex,0.0,1122.0,1134,656.0,2,245.0,Gd,2007,60,2005,325000
8,2473,Ex,NridgHt,Gd,0.0,1143.0,1143,852.0,2,344.0,Gd,2005,60,2004,317000
4,985,TA,NAmes,TA,0.0,576.0,985,676.0,1,0.0,TA,1994,30,1920,105000
6,1846,Gd,CollgCr,Gd,1576.0,1836.0,1846,495.0,2,0.0,Gd,2006,20,2006,233555
7,2090,Gd,NWAmes,TA,859.0,1107.0,1107,484.0,2,240.0,TA,1973,60,1973,200000
6,1127,TA,Edwards,TA,1033.0,1127.0,1127,480.0,1,84.0,TA,1976,20,1976,135000
3,968,TA,OldTown,TA,0.0,600.0,600,0.0,1,0.0,TA,1950,50,1910,37900
5,1036,TA,NAmes,TA,531.0,1036.0,1036,312.0,1,88.0,TA,1953,20,1953,112900
6,1489,TA,SWISU,TA,0.0,778.0,944,240.0,2,0.0,TA,1950,50,1940,139500
7,1430,Gd,Gilbert,TA,0.0,384.0,774,400.0,2,0.0,TA,2000,80,1999,156000
5,864,TA,Sawyer,TA,553.0,864.0,864,360.0,1,0.0,TA,1965,20,1965,62383
5,1641,Gd,Sawyer,TA,190.0,1001.0,1001,490.0,2,0.0,TA,1972,50,1972,140000
6,1175,Gd,SawyerW,Gd,80.0,1175.0,1175,0.0,1,126.0,TA,2006,20,2005,146000
7,1852,Gd,Somerst,Gd,822.0,900.0,932,644.0,2,0.0,TA,2009,60,2009,252678
6,1215,TA,NAmes,TA,585.0,1215.0,1215,297.0,1,176.0,TA,1998,20,1958,155000
8,1226,Gd,Greens,Gd,807.0,1226.0,1226,484.0,1,0.0,Gd,1980,120,1980,190000
8,1734,Ex,NridgHt,Ex,1004.0,1734.0,1734,928.0,2,328.0,Gd,2007,20,2007,318000
7,2840,Gd,NWAmes,Gd,988.0,1420.0,1420,1314.0,2,168.0,Gd,1978,60,1978,292500
6,1846,TA,NAmes,TA,196.0,1040.0,1168,315.0,2,320.0,TA,1950,50,1949,143000
7,1501,Gd,Somerst,TA,549.0,744.0,757,440.0,2,360.0,TA,1999,160,1999,179400
6,1855,TA,Edwards,TA,444.0,994.0,1216,325.0,2,0.0,TA,1972,50,1954,136900
6,1645,TA,NWAmes,TA,329.0,715.0,930,441.0,1,0.0,TA,1971,60,1971,171000
7,2019,Gd,BrkSide,Gd,0.0,728.0,1136,532.0,1,0.0,TA,1993,70,1910,167500
6,1921,TA,Sawyer,TA,0.0,1921.0,1921,576.0,2,0.0,TA,1964,90,1964,150000
7,2554,TA,OldTown,TA,0.0,718.0,1576,704.0,1,0.0,TA,1998,70,1890,159500
7,2322,Gd,Gilbert,TA,870.0,1037.0,1037,400.0,2,0.0,Gd,2000,60,1999,225000
8,1565,Gd,Somerst,Gd,60.0,1511.0,1565,476.0,2,36.0,Gd,2007,120,2006,193800
5,990,Gd,CollgCr,TA,746.0,990.0,990,480.0,1,0.0,TA,1995,20,1994,138000
4,1225,TA,NAmes,TA,569.0,950.0,1225,0.0,1,0.0,TA,1959,20,1959,128950
5,1078,TA,OldTown,Ex,0.0,1054.0,1078,264.0,1,0.0,TA,1950,30,1925,125000
7,1779,Gd,CollgCr,Gd,894.0,951.0,951,586.0,2,0.0,Gd,2000,60,1999,217000
3,1040,,NAmes,TA,0.0,0.0,1040,400.0,2,340.0,TA,1950,90,1949,87500
6,1801,TA,Crawfor,TA,0.0,697.0,1104,365.0,1,0.0,TA,1959,70,1930,210000
5,1382,TA,NAmes,Gd,172.0,1382.0,1382,350.0,1,0.0,TA,1955,20,1955,153000
6,1586,Gd,NWAmes,TA,0.0,1362.0,1586,435.0,2,0.0,TA,1998,20,1979,181000
8,1668,Gd,CollgCr,Gd,370.0,1657.0,1668,502.0,2,171.0,Gd,2003,20,2003,232000
9,2696,Ex,NridgHt,Ex,1373.0,2846.0,2696,958.0,2,1095.0,Ex,2004,20,2003,500000
7,1895,Gd,Gilbert,Gd,0.0,712.0,1086,409.0,2,0.0,Gd,1996,60,1994,194500
6,1426,TA,Edwards,TA,535.0,690.0,698,440.0,1,140.0,TA,1977,60,1977,159500
4,861,TA,Edwards,TA,262.0,861.0,861,539.0,1,0.0,TA,1950,30,1940,82500
5,1098,TA,NAmes,TA,902.0,1098.0,1098,260.0,1,151.0,TA,1955,20,1955,135000
6,1679,Gd,SawyerW,Gd,1138.0,1408.0,1679,575.0,2,258.0,TA,1998,20,1994,193500
5,1629,Gd,Gilbert,TA,791.0,928.0,928,482.0,2,0.0,TA,1998,60,1997,189900
6,1384,Gd,Gilbert,TA,0.0,384.0,754,390.0,2,0.0,TA,1997,80,1997,161500
6,1102,Gd,NWAmes,TA,850.0,988.0,1102,582.0,1,130.0,TA,1980,85,1980,169000
7,1164,TA,NWAmes,TA,0.0,1164.0,1164,528.0,1,168.0,TA,1969,20,1969,140000
6,1792,Gd,Gilbert,TA,0.0,936.0,962,451.0,2,318.0,TA,2000,60,2000,186500
7,1840,Gd,CollgCr,Gd,666.0,944.0,944,622.0,2,0.0,Gd,2001,60,2001,230000
6,1806,TA,NAmes,TA,0.0,780.0,993,483.0,1,420.0,TA,1964,60,1964,144750
7,1456,Gd,Gilbert,Gd,0.0,728.0,728,400.0,2,16.0,Gd,2007,60,2007,177594
8,2452,Ex,NridgHt,Gd,0.0,1117.0,1132,691.0,3,132.0,Gd,2005,60,2004,309000
8,1970,Gd,NridgHt,Ex,0.0,1085.0,1120,753.0,2,788.0,Gd,2006,60,2006,281000
8,2726,Gd,Crawfor,Gd,0.0,279.0,2726,691.0,2,0.0,Gd,1986,20,1986,315000
7,1392,Gd,Somerst,Gd,0.0,689.0,703,540.0,2,0.0,Gd,2007,160,2007,146000
7,1740,Gd,Veenker,Gd,121.0,1740.0,1740,540.0,1,0.0,Gd,1981,20,1981,241600
7,1626,Gd,NridgHt,Gd,0.0,764.0,764,474.0,2,106.0,Gd,2003,160,2003,175500
8,1872,Gd,CollgCr,Ex,990.0,1299.0,1299,531.0,2,108.0,Gd,2001,60,2001,261500
5,1274,TA,BrkSide,TA,306.0,728.0,728,224.0,2,0.0,TA,1998,50,1939,135000
7,1950,Gd,Somerst,Gd,649.0,975.0,975,576.0,2,1600.0,Gd,1998,60,1997,239000
7,1431,Gd,CollgCr,Gd,560.0,1431.0,1431,666.0,2,0.0,Gd,1999,20,1999,192000
6,1728,Gd,Somerst,Gd,503.0,864.0,864,673.0,2,0.0,Gd,2003,60,2003,207500
6,1232,Gd,Veenker,TA,660.0,1232.0,1232,516.0,2,0.0,TA,1984,20,1984,162500
6,948,TA,NAmes,TA,441.0,948.0,948,410.0,1,0.0,TA,1952,20,1952,125000
5,1287,Gd,Mitchel,TA,330.0,624.0,624,440.0,1,0.0,TA,1992,60,1992,130000
4,864,TA,NAmes,TA,240.0,864.0,864,576.0,1,0.0,TA,2006,20,1971,130000
7,1364,Gd,NridgHt,Gd,659.0,1364.0,1364,484.0,2,240.0,Gd,2005,120,2005,185850
6,2073,Gd,NWAmes,TA,790.0,1542.0,2073,500.0,2,119.0,TA,1988,20,1978,210000
5,894,TA,NAmes,TA,0.0,894.0,894,308.0,1,0.0,TA,1962,20,1962,109500
6,1456,Gd,NPkVill,TA,311.0,855.0,855,440.0,2,0.0,TA,1978,160,1978,146000
6,988,TA,ClearCr,TA,938.0,938.0,988,540.0,1,0.0,TA,1969,80,1969,180000
7,1550,Gd,Somerst,Gd,812.0,1092.0,1112,438.0,2,100.0,Gd,2007,60,2006,241000
5,984,TA,Sawyer,TA,554.0,984.0,984,310.0,1,0.0,TA,1965,20,1965,126000
6,1229,Gd,Blueste,Gd,471.0,561.0,561,462.0,1,0.0,TA,1992,160,1980,137000
7,1610,TA,NWAmes,Gd,346.0,1124.0,1610,515.0,2,0.0,TA,1987,20,1972,185000
6,936,TA,NAmes,Gd,873.0,936.0,936,315.0,1,0.0,TA,1999,20,1957,141000
7,1114,Gd,SawyerW,Gd,0.0,1114.0,1114,576.0,1,0.0,Gd,2005,20,2004,159000
6,1484,Gd,Gilbert,Gd,0.0,783.0,783,393.0,2,0.0,Gd,2007,60,2005,178900
7,1609,TA,Crawfor,Gd,0.0,637.0,959,579.0,1,0.0,TA,1990,70,1932,199500
7,1949,Gd,SawyerW,Gd,750.0,1050.0,1062,574.0,2,246.0,Gd,1994,60,1993,236000
5,1049,Gd,Edwards,Gd,552.0,1049.0,1049,266.0,2,149.0,Gd,1984,120,1984,139500
6,1643,Gd,ClearCr,TA,262.0,1182.0,1643,438.0,2,0.0,TA,1966,20,1966,195000
5,1370,TA,NAmes,TA,678.0,1058.0,1370,300.0,1,272.0,TA,1956,80,1956,148000
5,827,,NAmes,TA,0.0,0.0,827,392.0,1,0.0,TA,2007,20,1955,107500
8,2374,Gd,NridgHt,Ex,0.0,1181.0,1234,656.0,2,340.0,Gd,2004,60,2003,285000
6,2142,Gd,NAmes,Gd,448.0,896.0,1182,509.0,2,576.0,TA,1968,60,1968,193500
6,1700,Gd,CollgCr,Gd,340.0,1682.0,1700,544.0,2,120.0,Gd,2003,20,2003,200000
5,825,TA,OldTown,TA,180.0,825.0,825,720.0,1,0.0,TA,1995,20,1955,125000
6,1512,Gd,Somerst,Gd,507.0,756.0,756,440.0,2,513.0,Gd,2000,160,2000,180000
7,1726,Ex,Somerst,Ex,1126.0,1726.0,1726,786.0,2,205.0,Ex,2007,20,2007,311872
6,1501,Gd,Somerst,TA,565.0,744.0,757,440.0,2,342.0,TA,1999,160,1999,176500
7,1958,Gd,SawyerW,Gd,497.0,779.0,1029,499.0,2,0.0,Gd,2001,60,1994,220000
5,2461,TA,NAmes,TA,670.0,1140.0,1929,400.0,2,265.0,Gd,2002,50,1952,197600
5,1304,Gd,MeadowV,TA,0.0,264.0,616,336.0,1,0.0,TA,1977,160,1977,104500
6,1355,TA,IDOTRR,Gd,0.0,684.0,773,0.0,1,0.0,TA,2006,70,1914,127000
6,1638,Gd,Gilbert,TA,828.0,943.0,943,472.0,2,0.0,TA,1998,60,1998,192000
6,1216,Ex,Mitchel,TA,897.0,1216.0,1216,402.0,2,116.0,TA,1998,120,1998,164000
5,1612,TA,BrkSide,TA,788.0,988.0,1030,363.0,1,0.0,TA,1997,50,1950,128500
6,912,TA,Sawyer,Gd,832.0,912.0,912,288.0,1,0.0,TA,1996,20,1961,142000
6,1709,Gd,Gilbert,Gd,504.0,836.0,851,416.0,2,194.0,TA,1991,60,1991,185000
5,1328,TA,OldTown,TA,384.0,768.0,768,308.0,1,0.0,TA,1970,50,1950,129500
5,1154,TA,NAmes,TA,740.0,1154.0,1154,480.0,1,200.0,TA,1966,20,1966,154000
2,832,Fa,OldTown,TA,0.0,678.0,832,780.0,1,0.0,TA,1970,30,1923,12789
6,1107,TA,IDOTRR,TA,308.0,629.0,727,625.0,1,0.0,TA,1975,50,1921,110000
5,1008,TA,NAmes,TA,658.0,1008.0,1008,280.0,1,0.0,TA,2003,20,1952,139500
5,1059,TA,Sawyer,TA,773.0,1059.0,1059,286.0,1,0.0,TA,1966,20,1966,142500
8,1342,Gd,NridgHt,Gd,846.0,1342.0,1342,550.0,2,176.0,Gd,2007,120,2006,234250
7,1498,Gd,CollgCr,Gd,0.0,1498.0,1498,675.0,2,0.0,Gd,2006,20,2006,204900
7,1611,Gd,CollgCr,Gd,0.0,784.0,784,572.0,2,0.0,Gd,2005,60,2005,195800
7,1246,Gd,Blmngtn,Gd,0.0,1146.0,1246,428.0,2,20.0,Gd,2008,20,2007,187687
5,1728,TA,NAmes,TA,0.0,704.0,1024,234.0,1,0.0,TA,1973,60,1949,137000
6,1012,TA,IDOTRR,TA,0.0,1012.0,1012,308.0,1,0.0,TA,1950,30,1920,118400
5,1436,TA,OldTown,TA,0.0,892.0,1254,1488.0,1,0.0,TA,1950,50,1922,139000
8,1752,Gd,Gilbert,TA,427.0,559.0,1080,492.0,2,0.0,Gd,2005,50,1988,164000
5,874,TA,Mitchel,TA,441.0,864.0,874,288.0,1,0.0,TA,2003,20,1968,126500
6,1332,Gd,SawyerW,Gd,0.0,1332.0,1332,542.0,2,0.0,Gd,1991,120,1990,145000
2,599,Fa,OldTown,Gd,0.0,416.0,599,0.0,1,0.0,Fa,1950,30,1940,59000
5,1668,TA,OldTown,TA,276.0,1212.0,1226,240.0,1,264.0,TA,1950,50,1948,135000
3,1020,TA,IDOTRR,Fa,0.0,1020.0,1020,0.0,1,0.0,Fa,1950,50,1918,64500
6,790,Gd,SWISU,TA,384.0,768.0,790,160.0,1,0.0,TA,1950,30,1930,91000
5,874,TA,Mitchel,TA,510.0,864.0,874,288.0,1,0.0,TA,1968,20,1968,130000
6,987,TA,BrDale,TA,309.0,483.0,483,264.0,1,408.0,TA,1973,160,1973,83000
5,1224,Gd,SawyerW,TA,1086.0,1086.0,1224,528.0,0,275.0,TA,1979,90,1979,153337
5,1440,TA,Sawyer,TA,267.0,720.0,720,480.0,1,0.0,TA,1968,60,1968,163000
7,1274,Gd,CollgCr,Gd,925.0,1274.0,1274,508.0,2,80.0,Gd,2007,20,2005,203000
5,988,TA,Sawyer,TA,827.0,988.0,988,572.0,1,57.0,TA,1961,20,1961,128500
7,1920,TA,NWAmes,Gd,0.0,570.0,1222,487.0,3,143.0,TA,1992,80,1968,170000
8,1707,Gd,Timber,TA,0.0,1686.0,1707,511.0,2,653.0,Gd,1981,20,1981,228000
7,2236,Gd,Gilbert,Gd,0.0,964.0,993,642.0,2,285.0,TA,1997,60,1997,222000
6,2144,Gd,ClearCr,Gd,697.0,1444.0,1444,389.0,2,472.0,Gd,2006,50,1958,277000
6,1302,Gd,NridgHt,Gd,1030.0,1302.0,1302,631.0,1,182.0,Gd,2006,120,2005,200000
9,2331,Ex,NridgHt,Ex,1249.0,1414.0,1414,1003.0,2,368.0,Gd,2005,60,2005,379000
7,1504,Gd,Blmngtn,Gd,16.0,1346.0,1504,457.0,2,16.0,Gd,2006,120,2005,181000
5,1008,TA,Mitchel,Gd,532.0,1008.0,1008,384.0,1,182.0,TA,1968,20,1968,139500
5,1140,Gd,Mitchel,TA,0.0,1140.0,1140,0.0,1,0.0,TA,2006,20,2006,84500
5,1866,TA,NAmes,TA,0.0,1866.0,1866,495.0,2,657.0,TA,1958,90,1958,135000
5,1458,TA,Sawyer,TA,194.0,1176.0,1458,512.0,1,450.0,TA,1967,20,1967,165000
6,1988,TA,NAmes,Gd,575.0,1104.0,1104,480.0,2,410.0,Gd,1999,60,1966,227000
7,1404,Gd,Somerst,Gd,600.0,672.0,684,462.0,2,216.0,Gd,2000,160,1999,170000
6,1771,Gd,CollgCr,Gd,688.0,864.0,872,600.0,2,128.0,TA,1997,60,1997,215700
5,844,TA,OldTown,TA,0.0,844.0,844,216.0,1,0.0,TA,1950,30,1925,111500
5,912,TA,IDOTRR,TA,0.0,520.0,912,360.0,1,0.0,TA,1995,30,1930,99500
5,1465,TA,SWISU,TA,646.0,992.0,992,240.0,2,0.0,TA,1950,50,1939,131000
6,1912,Fa,OldTown,TA,0.0,482.0,1221,672.0,2,0.0,TA,2000,190,1905,163000
7,1995,Gd,CollgCr,Gd,685.0,930.0,950,610.0,2,0.0,Gd,1996,60,1995,237000
7,1472,Gd,Gilbert,Gd,0.0,384.0,802,402.0,2,76.0,Gd,1992,80,1991,160000
7,2978,Gd,NAmes,Gd,0.0,710.0,1898,564.0,2,300.0,Gd,2007,80,1967,242000
6,1536,Gd,Gilbert,Gd,0.0,768.0,768,400.0,2,0.0,Gd,2006,60,2005,176000
6,1204,Ex,Mitchel,TA,866.0,1204.0,1204,412.0,2,320.0,TA,1998,120,1998,162000
6,1340,TA,SWISU,TA,780.0,780.0,816,440.0,1,0.0,TA,1950,190,1945,128000
4,1149,TA,Edwards,TA,399.0,1014.0,1149,544.0,1,0.0,TA,1971,20,1960,127000
5,1034,TA,OldTown,TA,0.0,735.0,735,240.0,1,0.0,TA,1950,50,1940,109000
5,1560,TA,NAmes,TA,0.0,1560.0,1560,792.0,2,0.0,TA,1968,90,1968,126000
5,803,TA,IDOTRR,TA,116.0,720.0,803,360.0,1,0.0,TA,1950,45,1941,87000
6,1236,Gd,Somerst,Gd,376.0,600.0,600,480.0,2,216.0,Gd,2005,160,2005,152000
8,1915,Gd,SawyerW,Gd,789.0,908.0,927,506.0,2,0.0,Gd,1992,60,1992,220000
5,1073,TA,OldTown,TA,0.0,1073.0,1073,326.0,1,0.0,TA,1968,30,1921,108480
6,1052,TA,ClearCr,TA,504.0,1010.0,1052,440.0,1,80.0,TA,1971,80,1971,155000
7,1080,Gd,Somerst,Gd,244.0,530.0,530,496.0,2,0.0,Gd,2003,160,2003,147110
7,1640,Gd,CollgCr,Gd,0.0,798.0,798,595.0,2,0.0,Gd,2003,60,2003,183000
7,1768,Gd,CollgCr,Gd,550.0,884.0,884,543.0,2,252.0,Gd,2003,60,2003,224900
7,767,Gd,NAmes,TA,584.0,723.0,767,367.0,1,182.0,TA,1998,120,1998,133000
6,1216,TA,NWAmes,TA,955.0,1216.0,1216,336.0,1,200.0,TA,1969,20,1969,113000
4,1738,TA,NAmes,TA,0.0,715.0,1281,368.0,2,0.0,TA,2007,50,1920,104900
8,1554,Gd,NridgHt,Gd,24.0,1554.0,1554,627.0,2,108.0,Gd,2006,120,2006,209500
7,1842,Gd,CollgCr,Gd,841.0,985.0,985,486.0,2,144.0,Gd,2000,60,2000,217500
6,1215,TA,IDOTRR,Gd,375.0,720.0,720,720.0,1,0.0,TA,1950,50,1940,141000
6,987,TA,BrDale,TA,110.0,483.0,483,288.0,1,425.0,TA,1972,160,1972,97000
9,1419,Ex,Somerst,Ex,964.0,1419.0,1419,588.0,1,0.0,Gd,2001,120,2001,290000
4,630,Gd,MeadowV,TA,131.0,630.0,630,0.0,1,0.0,TA,1970,180,1970,84500
9,1802,Ex,NridgHt,Ex,0.0,1802.0,1802,843.0,2,510.0,Ex,2006,20,2006,372000
5,1480,TA,Edwards,TA,1080.0,1080.0,1080,253.0,1,0.0,TA,1994,50,1951,136500
7,1541,Gd,CollgCr,Gd,0.0,1541.0,1541,843.0,2,150.0,Gd,2002,20,2001,205000
7,1358,Gd,NridgHt,Gd,876.0,1350.0,1358,484.0,2,176.0,Gd,2008,120,2007,212500
9,2795,Ex,StoneBr,Ex,0.0,1390.0,1390,660.0,3,550.0,Gd,2006,60,2005,401179
5,1902,TA,OldTown,TA,203.0,1100.0,1226,576.0,2,0.0,TA,1950,70,1923,123500
6,1626,TA,Edwards,Gd,491.0,988.0,988,332.0,1,0.0,TA,1954,50,1954,154000
6,1072,Gd,Edwards,TA,547.0,547.0,1072,525.0,1,80.0,TA,2006,180,2005,145500
6,1510,TA,SWISU,TA,305.0,755.0,755,216.0,1,0.0,TA,1950,70,1920,149000
6,1567,TA,NAmes,Gd,1387.0,1562.0,1567,542.0,2,210.0,TA,2008,20,1966,256000
8,1567,Gd,Blmngtn,Ex,1154.0,1520.0,1567,648.0,2,0.0,Gd,2006,120,2006,264561
5,1064,TA,Sawyer,TA,779.0,1064.0,1064,528.0,1,305.0,TA,1967,20,1967,153600
7,1494,Gd,SawyerW,Gd,1443.0,1482.0,1494,514.0,2,0.0,Gd,1998,20,1998,215000
8,1601,Gd,CollgCr,Gd,1358.0,1581.0,1601,670.0,2,479.0,Gd,2002,20,2001,272000
6,1743,TA,NWAmes,TA,384.0,702.0,1041,539.0,1,365.0,Gd,1968,60,1968,175000
7,2031,Gd,CollgCr,Gd,252.0,1153.0,1153,541.0,2,202.0,Gd,1999,60,1998,222500
5,1517,TA,IDOTRR,Fa,0.0,793.0,997,0.0,2,0.0,TA,2005,50,1919,115000
5,1358,TA,OldTown,Gd,316.0,687.0,687,336.0,1,0.0,TA,2005,70,1930,124500
5,1624,TA,NAmes,TA,40.0,1444.0,1624,240.0,1,150.0,TA,1952,20,1952,146500
7,2167,TA,Veenker,Gd,125.0,1192.0,1516,518.0,2,0.0,Gd,2003,60,1974,294000
6,1062,TA,NAmes,TA,490.0,1062.0,1062,297.0,1,80.0,TA,1954,20,1954,131000
7,1557,Gd,Blmngtn,Gd,0.0,1374.0,1557,420.0,2,18.0,Gd,2004,120,2003,234000
4,1657,TA,OldTown,Fa,284.0,1147.0,1147,162.0,1,0.0,TA,1980,50,1920,111500
7,1533,Gd,ClearCr,Gd,655.0,1533.0,1533,576.0,2,0.0,TA,1975,20,1975,280000
4,1798,TA,OldTown,TA,0.0,1075.0,1156,342.0,2,0.0,TA,1950,70,1900,137000
7,2312,Gd,Gilbert,Gd,913.0,1177.0,1223,658.0,2,210.0,Gd,1999,60,1999,245000
7,2075,Gd,NWAmes,Gd,819.0,1148.0,1091,473.0,2,194.0,Gd,1993,60,1993,255000
6,1690,Gd,Gilbert,TA,520.0,915.0,940,442.0,2,0.0,TA,2000,60,2000,187000
5,1206,TA,NAmes,TA,936.0,1206.0,1206,312.0,1,91.0,TA,1959,20,1959,108538
4,864,Fa,IDOTRR,Fa,0.0,592.0,432,216.0,1,0.0,TA,1950,70,1920,65000
6,1409,TA,BrkSide,TA,52.0,861.0,861,528.0,1,0.0,TA,1950,50,1938,126000
5,960,TA,Sawyer,Gd,634.0,960.0,960,300.0,1,0.0,TA,2003,20,1963,144900
5,988,TA,Sawyer,TA,36.0,988.0,988,624.0,1,51.0,TA,1962,20,1962,129500
5,1336,TA,Crawfor,TA,841.0,1165.0,1336,375.0,1,56.0,TA,1953,190,1953,157000
4,1374,TA,OldTown,TA,315.0,840.0,840,338.0,1,0.0,Fa,1950,50,1920,105000
5,1057,TA,Sawyer,TA,417.0,1057.0,1057,576.0,1,0.0,TA,1962,20,1962,132000
5,1248,TA,NAmes,TA,632.0,1248.0,1248,286.0,1,88.0,TA,1960,20,1960,151500
6,1236,TA,OldTown,TA,600.0,912.0,1236,923.0,1,0.0,TA,1996,20,1957,149700
6,1200,Gd,Somerst,Gd,390.0,600.0,600,480.0,2,0.0,Gd,2005,160,2005,165000
6,1445,TA,NAmes,TA,564.0,1127.0,1445,645.0,1,115.0,TA,1964,80,1964,158000
6,1488,Gd,Crawfor,TA,813.0,1488.0,1488,552.0,2,0.0,TA,1968,20,1968,215000
6,1082,TA,NAmes,TA,336.0,1082.0,1082,240.0,1,206.0,TA,1950,20,1948,119200
5,1040,TA,BrkSide,TA,276.0,528.0,548,624.0,1,0.0,TA,1980,50,1936,123900
4,874,TA,NAmes,TA,20.0,864.0,874,576.0,1,0.0,TA,1971,20,1971,97500
7,2340,TA,Crawfor,Gd,275.0,1152.0,1188,252.0,2,0.0,Ex,2006,70,1941,266500
5,1092,TA,Sawyer,TA,170.0,1092.0,1092,288.0,1,116.0,TA,1962,20,1962,139000
6,987,TA,BrDale,TA,254.0,483.0,483,264.0,1,504.0,TA,1973,160,1973,111000
6,1775,TA,NAmes,TA,0.0,533.0,1131,480.0,2,0.0,TA,1964,80,1964,136300
6,1560,TA,OldTown,Gd,0.0,780.0,780,0.0,1,0.0,Gd,2009,70,1912,159900
7,1660,Gd,CollgCr,Gd,0.0,831.0,831,493.0,2,95.0,Gd,2002,60,2002,195000
8,1742,Gd,StoneBr,Gd,1148.0,1742.0,1742,564.0,2,0.0,Gd,1985,120,1985,275000
8,2263,Gd,CollgCr,Gd,0.0,1055.0,1055,905.0,2,396.0,Gd,2002,60,2001,287000
7,1320,Gd,Gilbert,Gd,0.0,660.0,660,400.0,2,0.0,Gd,2003,60,2003,162000
8,1554,Gd,NridgHt,Gd,24.0,1554.0,1554,627.0,2,108.0,Gd,2006,120,2006,209500
6,1495,Gd,Gilbert,Gd,0.0,738.0,738,440.0,2,0.0,Gd,2006,60,2006,171925
6,1595,TA,SWISU,TA,388.0,940.0,1192,240.0,1,0.0,TA,2000,50,1940,140000
9,1310,Ex,Somerst,Gd,1004.0,1310.0,1310,545.0,1,179.0,Gd,2001,120,2001,285000
9,1828,Ex,NridgHt,Gd,48.0,1822.0,1828,774.0,2,452.0,Ex,2007,20,2007,314813
6,1262,Gd,Somerst,Gd,905.0,1262.0,1262,572.0,2,68.0,Gd,2006,20,2006,185000
7,1689,Gd,Somerst,Gd,0.0,1689.0,1689,954.0,2,0.0,Gd,2007,20,2007,248328
9,2153,Ex,CollgCr,Ex,904.0,1440.0,1476,736.0,2,204.0,Gd,2000,60,2000,313000
7,2223,Gd,NAmes,TA,1880.0,2223.0,2223,516.0,2,1115.0,TA,1973,20,1973,244000
5,816,TA,Mitchel,TA,546.0,816.0,816,264.0,1,0.0,TA,1982,20,1982,124500
5,1319,TA,NAmes,TA,428.0,608.0,1319,270.0,1,0.0,TA,1953,20,1953,123000
5,896,TA,NAmes,TA,468.0,882.0,896,730.0,1,0.0,TA,1961,20,1961,105000
4,864,TA,Edwards,TA,682.0,864.0,864,528.0,1,0.0,TA,1955,20,1955,79275
4,936,Fa,OldTown,TA,0.0,936.0,936,576.0,1,0.0,Fa,1953,20,1953,93000
7,1324,Gd,NWAmes,Gd,624.0,1228.0,1324,585.0,2,130.0,TA,1976,80,1976,174000
5,1627,Fa,OldTown,TA,0.0,797.0,830,420.0,2,0.0,TA,2006,190,1900,139500
8,1800,Ex,Timber,Gd,1274.0,1800.0,1800,765.0,2,630.0,Gd,2002,20,2002,312500
6,1790,TA,NWAmes,TA,247.0,732.0,1012,484.0,1,288.0,TA,1972,60,1972,165150
6,919,TA,IDOTRR,TA,299.0,894.0,919,195.0,1,0.0,TA,1998,30,1926,126000
4,1224,,NAmes,TA,0.0,0.0,1224,530.0,2,0.0,TA,1964,90,1964,103000
5,864,TA,Sawyer,Gd,764.0,864.0,864,420.0,1,0.0,TA,2007,20,1961,135000
7,1709,Gd,Edwards,Gd,0.0,970.0,970,380.0,2,50.0,Gd,2004,160,2004,130000
5,1620,TA,NWAmes,TA,493.0,780.0,780,462.0,2,263.0,TA,1969,60,1969,152000
6,1396,TA,BrkSide,TA,0.0,698.0,698,384.0,1,0.0,TA,2003,70,1915,153575
6,1380,TA,NAmes,TA,384.0,1380.0,1380,364.0,1,295.0,TA,1963,20,1963,154000
6,1045,TA,NAmes,TA,826.0,1045.0,1045,264.0,1,0.0,TA,1963,20,1963,127000
5,1269,TA,NAmes,TA,374.0,1269.0,1269,308.0,1,0.0,TA,1960,20,1960,155000
7,1894,Gd,Timber,Gd,624.0,817.0,824,510.0,2,44.0,Gd,2003,60,2002,214900
3,1699,Fa,OldTown,TA,440.0,978.0,1014,420.0,2,0.0,TA,1970,190,1900,95000
8,2031,Gd,CollgCr,Gd,804.0,1128.0,1128,577.0,2,,Gd,2002,60,2002,237000
4,1152,,Edwards,Fa,0.0,0.0,1152,0.0,2,0.0,TA,1955,90,1955,82000
5,2138,TA,OldTown,TA,0.0,849.0,1075,360.0,2,0.0,TA,1965,75,1898,106000
5,1080,Fa,OldTown,Gd,0.0,684.0,684,0.0,1,0.0,TA,1996,50,1890,95000
7,1335,Gd,Somerst,Gd,0.0,1335.0,1335,575.0,2,0.0,Gd,2007,20,2006,210400
6,1567,TA,Mitchel,Gd,1567.0,1567.0,1567,714.0,2,0.0,TA,1977,20,1977,196000
5,1949,TA,Sawyer,TA,483.0,1949.0,1949,586.0,2,99.0,TA,1977,90,1977,157000
4,960,TA,Sawyer,TA,648.0,648.0,960,364.0,0,0.0,TA,2001,80,1965,145000
5,984,TA,OldTown,Fa,200.0,984.0,984,308.0,1,164.0,TA,1959,20,1959,110000
7,1626,Gd,SawyerW,Gd,1271.0,1602.0,1626,534.0,2,251.0,Gd,1994,20,1994,226500
8,1511,Gd,SawyerW,Gd,770.0,1401.0,1511,811.0,2,302.0,Gd,1995,80,1995,225000
8,1629,Gd,Timber,Gd,1300.0,1616.0,1629,808.0,2,236.0,Gd,2003,20,2002,270000
6,1694,TA,SWISU,TA,423.0,1181.0,1390,576.0,2,0.0,TA,1950,50,1925,136500
6,1299,TA,Sawyer,Gd,736.0,967.0,1299,494.0,1,0.0,TA,1995,20,1954,150000
1,733,,IDOTRR,Fa,0.0,0.0,733,487.0,1,0.0,Fa,1952,20,1952,13100
8,1694,Ex,NridgHt,Gd,0.0,1694.0,1694,856.0,2,302.0,Gd,2007,20,2006,322400
4,1588,,ClearCr,TA,0.0,0.0,1120,680.0,2,0.0,TA,1959,50,1959,134432
6,1550,TA,Crawfor,TA,0.0,817.0,940,318.0,1,0.0,TA,1950,50,1920,195000
4,1336,TA,IDOTRR,TA,637.0,637.0,897,570.0,1,0.0,TA,1950,50,1920,108000
5,950,TA,NAmes,TA,412.0,950.0,950,280.0,1,0.0,TA,1971,20,1971,119500
8,1575,Gd,NridgHt,Gd,1149.0,1603.0,1575,732.0,2,504.0,Gd,2004,20,2003,284000
5,2016,,SawyerW,TA,0.0,0.0,1288,576.0,1,0.0,Gd,2007,70,1880,131000
6,3672,TA,Edwards,Gd,425.0,1836.0,1836,836.0,3,0.0,TA,1990,75,1935,415000
6,1694,Gd,Gilbert,TA,186.0,392.0,924,398.0,2,32.0,TA,1994,80,1994,160000
4,1951,TA,OldTown,Fa,0.0,938.0,1084,576.0,2,0.0,Gd,1950,190,1900,111500
7,1525,Gd,CollgCr,Gd,1400.0,1525.0,1525,541.0,2,244.0,Gd,2000,20,2000,235000
6,1200,TA,OldTown,TA,0.0,1200.0,1200,312.0,1,0.0,TA,1950,30,1923,125000
6,1573,Gd,Somerst,Gd,417.0,756.0,769,440.0,2,216.0,Gd,2000,160,2000,177000
7,1119,Gd,Gilbert,Gd,779.0,835.0,1119,437.0,2,0.0,Gd,2005,80,2004,188500
7,1670,Gd,NWAmes,TA,583.0,825.0,845,464.0,1,0.0,TA,1971,60,1971,170000
6,1194,TA,NAmes,TA,655.0,655.0,1194,539.0,1,0.0,TA,1959,20,1959,159500
9,1800,Ex,NridgHt,Ex,1204.0,1800.0,1800,944.0,2,714.0,Ex,2008,120,2007,370967
7,1450,Gd,SawyerW,Gd,0.0,1450.0,1450,788.0,2,140.0,Gd,2009,20,2008,224243
8,2152,Gd,NridgHt,Gd,0.0,1582.0,1582,728.0,2,0.0,Gd,2008,60,2007,260116
6,1012,Gd,Edwards,TA,976.0,976.0,1012,0.0,2,355.0,TA,1975,90,1975,127500
5,1190,TA,NAmes,TA,803.0,1106.0,1190,540.0,1,120.0,TA,1962,90,1962,132500
7,1528,Gd,Somerst,Gd,0.0,1528.0,1528,480.0,3,,Gd,2007,20,2007,235876
5,1534,Gd,OldTown,Gd,0.0,736.0,751,0.0,1,0.0,TA,1999,70,1895,148000
7,1200,Gd,Somerst,Gd,280.0,600.0,600,480.0,2,120.0,Gd,2004,160,2004,155000
4,936,Gd,NAmes,TA,252.0,936.0,936,288.0,1,72.0,TA,1969,20,1969,111900
7,3005,Gd,Somerst,Gd,0.0,1376.0,1376,704.0,2,0.0,Gd,2005,160,2004,280750
7,1212,Gd,CollgCr,Gd,0.0,1212.0,1212,573.0,2,0.0,Gd,2001,20,2001,178000
5,1053,TA,Edwards,Ex,0.0,585.0,585,0.0,1,0.0,TA,2007,50,1938,120000
5,1920,TA,NAmes,TA,220.0,928.0,928,400.0,2,567.0,TA,1950,90,1948,137000
9,2713,Ex,NridgHt,Ex,1330.0,1452.0,1476,858.0,2,268.0,Ex,2008,60,2008,446261
5,1812,Gd,OldTown,Gd,0.0,360.0,1032,672.0,2,0.0,TA,1996,190,1900,140000
6,1026,TA,NAmes,Gd,439.0,1026.0,1026,440.0,1,0.0,TA,2005,20,1969,156000
6,1476,Gd,CollgCr,Gd,193.0,738.0,738,540.0,2,0.0,Gd,2005,60,2005,173500
4,864,TA,NAmes,TA,191.0,864.0,864,463.0,1,0.0,TA,1970,20,1970,124500
6,1500,Gd,CollgCr,Gd,0.0,750.0,750,564.0,2,0.0,TA,2006,60,2005,173900
6,987,TA,BrDale,TA,387.0,483.0,483,264.0,1,232.0,TA,1971,160,1971,85400
5,2008,TA,Edwards,Ex,603.0,896.0,1112,230.0,3,0.0,TA,2002,20,1948,225000
5,1137,,Edwards,TA,0.0,0.0,929,0.0,1,0.0,TA,1993,50,1947,96000
5,879,TA,SWISU,TA,0.0,830.0,879,180.0,1,0.0,TA,1950,30,1936,80000
4,630,Gd,MeadowV,Gd,515.0,630.0,630,286.0,1,0.0,TA,2002,180,1970,86000
5,1304,Gd,MeadowV,TA,0.0,264.0,616,336.0,1,0.0,TA,1976,160,1976,115000
5,1056,TA,NAmes,TA,480.0,1056.0,1056,260.0,1,0.0,TA,2005,20,1954,139400
7,1588,Gd,CollgCr,Gd,1162.0,1588.0,1588,472.0,2,183.0,Gd,1999,20,1999,214000
5,2233,,Edwards,TA,0.0,0.0,1100,579.0,2,0.0,TA,1979,90,1979,141000
7,2787,Ex,SawyerW,TA,820.0,1168.0,1168,820.0,4,23.0,TA,2000,90,2000,269500
9,1905,Ex,Somerst,Ex,0.0,1905.0,1905,788.0,2,302.0,Ex,2006,20,2006,320000
6,1212,Gd,Sawyer,TA,506.0,506.0,1212,492.0,1,46.0,TA,1995,80,1977,151000
8,2448,Gd,NoRidge,Gd,1361.0,1629.0,1686,711.0,2,528.0,Gd,2005,60,1994,402000
5,1276,TA,Edwards,TA,0.0,1276.0,1276,350.0,1,0.0,TA,1958,20,1958,60000
5,894,TA,NAmes,TA,0.0,894.0,894,312.0,1,0.0,TA,1960,20,1960,117600
7,1710,TA,OldTown,TA,0.0,576.0,902,480.0,2,0.0,TA,1950,70,1921,140000
4,1755,TA,Crawfor,Gd,189.0,930.0,1230,231.0,2,0.0,TA,2003,50,1930,188000
8,1743,Gd,ClearCr,Gd,51.0,966.0,1743,529.0,0,0.0,Gd,1976,20,1976,279000
6,1671,Gd,Gilbert,TA,0.0,781.0,781,423.0,2,0.0,TA,1995,60,1995,170000
4,1120,TA,Sawyer,Fa,932.0,1040.0,1120,544.0,1,0.0,TA,1961,20,1961,129000
7,1601,Gd,NWAmes,TA,704.0,1271.0,1601,478.0,2,206.0,TA,1978,20,1978,157000
6,1092,TA,BrDale,TA,382.0,525.0,525,264.0,1,504.0,TA,1972,160,1972,108000
10,1718,Ex,NridgHt,Ex,1172.0,1700.0,1718,786.0,2,230.0,Ex,2007,20,2006,337500
9,1577,Ex,NridgHt,Ex,848.0,1577.0,1577,564.0,2,394.0,Ex,2005,120,2005,280000
5,1002,TA,NAmes,TA,828.0,1002.0,1002,902.0,1,76.0,TA,1970,20,1970,148500
6,1103,TA,OldTown,Gd,397.0,1103.0,1103,440.0,1,0.0,TA,1980,30,1925,110500
4,796,TA,IDOTRR,TA,0.0,796.0,796,0.0,1,0.0,TA,1950,30,1922,55000
10,2393,Gd,Somerst,Ex,128.0,970.0,1469,846.0,2,0.0,Ex,1999,160,1998,345000
6,1482,TA,SWISU,Fa,156.0,672.0,810,400.0,2,0.0,TA,1950,70,1925,140000
5,1488,,Edwards,TA,0.0,0.0,1488,569.0,1,232.0,TA,2002,20,1952,135000
5,868,Gd,Sawyer,TA,748.0,768.0,868,576.0,1,0.0,TA,1990,190,1971,119900
9,1638,Gd,Somerst,Ex,1027.0,1614.0,1638,495.0,2,260.0,Gd,2000,120,2000,300000
5,1006,TA,Sawyer,TA,288.0,1006.0,1006,0.0,1,0.0,TA,1959,20,1959,80000
6,1146,TA,NAmes,TA,580.0,1083.0,1146,294.0,1,379.0,TA,1963,80,1963,165000
7,1839,Gd,NoRidge,TA,0.0,1195.0,1195,486.0,2,30.0,Gd,1998,60,1998,221000
7,2730,TA,SawyerW,Gd,28.0,1502.0,1553,576.0,2,172.0,Gd,1987,60,1986,301000
5,1728,TA,NAmes,TA,0.0,1728.0,1728,576.0,2,0.0,TA,1965,90,1965,145000
8,2365,Gd,NoRidge,Gd,1163.0,1252.0,1268,856.0,2,673.0,Gd,1999,60,1999,337000
7,1370,Gd,NWAmes,TA,0.0,1090.0,1370,479.0,2,189.0,TA,1976,20,1976,152000
8,1922,Gd,Timber,Gd,1329.0,1922.0,1922,692.0,2,886.0,Gd,2002,20,2002,282000
6,1034,Gd,Sawyer,TA,456.0,456.0,1034,504.0,1,23.0,TA,1978,85,1978,149900
4,1608,TA,Mitchel,TA,811.0,1396.0,1608,444.0,1,198.0,TA,1961,20,1961,80000
7,2196,Gd,SawyerW,Gd,485.0,2158.0,2196,701.0,2,234.0,Gd,1991,20,1990,271900
7,1358,Gd,NridgHt,Gd,876.0,1350.0,1358,484.0,2,176.0,Gd,2008,120,2007,217300
6,1125,TA,Edwards,TA,631.0,1041.0,1125,352.0,1,255.0,TA,1976,80,1976,125000
8,1803,Gd,Mitchel,Gd,1341.0,1679.0,1803,482.0,2,0.0,Gd,1995,20,1994,285000
7,1720,Gd,CollgCr,Gd,0.0,860.0,860,565.0,2,0.0,Gd,2004,60,2004,196500
9,1980,Ex,NridgHt,Ex,1447.0,1980.0,1980,770.0,2,66.0,Gd,2005,20,2004,315000
5,1178,Gd,NWAmes,Gd,1084.0,1176.0,1178,439.0,1,0.0,TA,2000,20,1973,157000
6,1456,TA,OldTown,Gd,0.0,728.0,728,308.0,1,0.0,Gd,2005,75,1915,139500
8,2200,Ex,NridgHt,Ex,1557.0,2200.0,2200,685.0,2,470.0,Gd,2004,20,2003,382500
7,1604,Gd,CollgCr,Gd,1334.0,1604.0,1604,660.0,2,180.0,Gd,2006,20,2006,220000
7,1083,Ex,NWAmes,TA,1005.0,1047.0,1083,596.0,1,252.0,Gd,1976,85,1976,172000
8,2500,Ex,StoneBr,Ex,16.0,1168.0,1168,683.0,3,130.0,Gd,2005,60,2005,355000
6,1635,Gd,BrkSide,TA,300.0,1065.0,915,440.0,1,0.0,TA,1950,50,1923,210000
4,1962,TA,OldTown,TA,0.0,888.0,888,572.0,1,0.0,TA,1950,50,1915,149500
6,1224,TA,NAmes,TA,481.0,816.0,816,280.0,1,0.0,TA,2004,50,1948,132000
5,923,TA,Mitchel,TA,658.0,876.0,923,264.0,1,0.0,TA,1985,20,1984,119500
5,1176,Gd,Edwards,TA,847.0,1176.0,1176,360.0,1,0.0,TA,1969,20,1969,119900
5,965,TA,SawyerW,TA,641.0,828.0,965,300.0,1,0.0,TA,1965,20,1965,119900
2,612,,OldTown,TA,0.0,0.0,612,308.0,1,0.0,TA,1950,30,1940,45000
6,1920,TA,SWISU,TA,281.0,960.0,960,480.0,2,0.0,TA,1950,90,1930,161900
7,1737,Gd,SawyerW,Gd,397.0,836.0,844,506.0,2,0.0,Gd,1992,60,1992,175000
3,492,Fa,OldTown,TA,416.0,492.0,492,200.0,1,0.0,TA,1950,30,1921,61500
5,864,Gd,NAmes,TA,119.0,864.0,864,576.0,1,0.0,TA,1971,20,1971,123000
5,1968,TA,Mitchel,TA,562.0,784.0,1168,530.0,2,232.0,TA,1969,60,1969,172000
3,1183,TA,OldTown,TA,331.0,649.0,679,308.0,1,0.0,TA,2002,50,1948,120000
4,1092,TA,MeadowV,TA,384.0,546.0,546,0.0,1,189.0,TA,1970,160,1970,93900
7,836,Gd,NPkVill,TA,0.0,836.0,836,308.0,1,0.0,TA,1975,120,1975,120000
3,1733,,Edwards,TA,0.0,0.0,1733,452.0,2,0.0,TA,1955,20,1955,139600
5,833,TA,OldTown,Gd,415.0,833.0,833,326.0,1,0.0,TA,2000,20,1954,117000
6,1072,Gd,Edwards,TA,459.0,547.0,1072,525.0,1,80.0,TA,2005,180,2005,148000
5,1509,TA,Edwards,Gd,870.0,1509.0,1509,322.0,1,0.0,TA,1956,20,1956,159900
4,1088,TA,Edwards,TA,132.0,1088.0,1088,520.0,1,20.0,TA,1963,20,1963,110000
5,1073,TA,Sawyer,TA,221.0,1073.0,1073,270.0,1,340.0,TA,1967,20,1967,120000
5,1566,TA,OldTown,Gd,0.0,816.0,816,450.0,1,145.0,TA,1950,50,1924,139000
6,1844,TA,Crawfor,Gd,1110.0,1844.0,1844,540.0,2,312.0,Gd,1969,20,1969,223000
7,1824,Gd,ClearCr,Gd,1219.0,1643.0,1824,739.0,2,351.0,TA,2002,20,1971,302000
4,930,,Edwards,Gd,0.0,0.0,930,308.0,1,0.0,TA,2006,20,1946,84900
7,2243,Gd,SawyerW,Gd,700.0,700.0,1122,746.0,2,246.0,Gd,1991,60,1990,225000
9,1780,Ex,NridgHt,Ex,1383.0,1780.0,1780,816.0,2,674.0,Ex,2005,20,2004,378000
4,1362,TA,NAmes,TA,775.0,1040.0,1362,768.0,1,160.0,TA,1957,20,1957,140000
6,1142,TA,SawyerW,Gd,24.0,1142.0,1142,0.0,1,0.0,TA,2005,20,2005,139500
6,2058,Gd,OldTown,TA,319.0,735.0,1134,396.0,1,0.0,TA,1950,75,1917,129500
6,912,Gd,Mitchel,TA,773.0,888.0,912,470.0,1,0.0,TA,1978,85,1978,156000
8,1651,Gd,CollgCr,Gd,0.0,1643.0,1651,870.0,2,306.0,Gd,2007,20,2007,250000
5,1031,TA,NAmes,Gd,931.0,1031.0,1031,230.0,1,0.0,Gd,2005,20,1952,145500
5,1955,TA,IDOTRR,TA,330.0,1151.0,1151,356.0,2,162.0,TA,1958,50,1958,165500
5,1117,TA,NAmes,TA,0.0,1117.0,1117,264.0,1,0.0,TA,1963,20,1963,136870
5,922,TA,NAmes,TA,512.0,922.0,922,308.0,1,0.0,TA,1957,20,1957,116000
7,1755,Gd,NoRidge,Gd,601.0,975.0,975,524.0,2,196.0,Gd,2008,60,1991,235000
7,1861,Gd,CollgCr,Gd,700.0,916.0,920,492.0,2,0.0,Gd,2002,60,2002,200000
6,1470,Fa,OldTown,TA,283.0,738.0,868,624.0,1,0.0,TA,1994,70,1922,140750
8,2810,Ex,NoRidge,Gd,482.0,1453.0,1453,750.0,2,336.0,Gd,1990,60,1990,302000
6,2117,TA,NAmes,TA,865.0,1205.0,2117,550.0,2,0.0,TA,1970,20,1970,237500
6,1755,Gd,CollgCr,TA,639.0,840.0,840,530.0,2,148.0,TA,1999,60,1999,214000
6,2422,Gd,ClearCr,Gd,353.0,1288.0,2422,527.0,3,300.0,TA,1994,20,1954,255000
3,715,TA,NAmes,TA,0.0,715.0,715,660.0,1,0.0,TA,1950,30,1929,68000
7,1651,Gd,Gilbert,TA,0.0,831.0,873,450.0,2,0.0,TA,1999,60,1999,185900
7,1374,Gd,Gilbert,Gd,0.0,384.0,744,400.0,2,0.0,Gd,2005,80,2004,170000
7,1864,TA,OldTown,TA,169.0,1020.0,978,0.0,2,188.0,TA,2000,190,1902,97500
10,2698,Ex,StoneBr,Ex,1206.0,1850.0,1850,736.0,2,734.0,Ex,2006,60,2006,535000
7,1173,Gd,NWAmes,Gd,885.0,1053.0,1173,528.0,2,81.0,TA,1974,85,1974,170000
8,1324,Gd,NridgHt,Gd,863.0,1324.0,1324,550.0,2,176.0,Gd,2006,120,2006,254000
8,2715,TA,NWAmes,Gd,575.0,1142.0,1175,831.0,3,289.0,Ex,1996,60,1976,299800
5,1096,TA,NAmes,TA,75.0,1096.0,1096,299.0,1,0.0,TA,1969,20,1969,138800
5,1771,,Mitchel,TA,0.0,0.0,1771,336.0,1,75.0,TA,2006,20,1960,115000
5,1144,TA,NAmes,TA,572.0,1144.0,1144,456.0,1,136.0,TA,1961,20,1961,139950
7,1266,Gd,Somerst,Gd,0.0,1257.0,1266,453.0,2,0.0,Gd,2005,20,2005,176000
8,1960,Ex,Timber,Gd,1350.0,1728.0,1960,714.0,2,198.0,Gd,2006,20,2005,320000
7,2161,TA,Crawfor,Gd,435.0,832.0,1218,506.0,2,0.0,TA,2000,50,1950,263400
7,1142,Gd,Blmngtn,Gd,16.0,1142.0,1142,440.0,2,14.0,Gd,2006,120,2005,156820
2,660,,Sawyer,Fa,0.0,0.0,660,0.0,1,0.0,TA,1950,20,1947,63900
8,2385,Ex,NridgHt,Gd,938.0,1317.0,1217,818.0,2,280.0,Gd,2003,60,2003,350000
3,1306,TA,BrkSide,Fa,0.0,728.0,1306,0.0,1,0.0,TA,1966,30,1940,76500
7,1491,Gd,CollgCr,Gd,0.0,738.0,738,484.0,2,0.0,Gd,2006,60,2006,168675
4,1152,,Edwards,TA,0.0,0.0,1152,0.0,2,58.0,TA,1955,90,1955,82500
4,1092,TA,MeadowV,TA,294.0,546.0,546,286.0,1,0.0,TA,1972,160,1972,85500
5,1824,TA,NAmes,TA,0.0,1824.0,1824,484.0,2,0.0,TA,1957,90,1957,146000
7,1555,Gd,Blmngtn,Gd,0.0,1373.0,1555,660.0,2,130.0,Gd,2007,120,2007,174000
6,1436,TA,Crawfor,TA,0.0,585.0,851,228.0,1,0.0,TA,1950,70,1921,141500
5,1109,TA,NAmes,TA,349.0,372.0,576,288.0,1,82.0,TA,2005,80,1971,139000
8,1580,Gd,Somerst,Gd,0.0,1580.0,1580,830.0,2,186.0,Gd,2008,20,2007,235128
6,1294,Gd,SawyerW,Gd,1200.0,1278.0,1294,496.0,2,88.0,TA,1991,20,1991,179200
5,1344,TA,OldTown,TA,0.0,624.0,624,513.0,1,0.0,TA,1950,70,1916,98000
7,1417,Gd,CollgCr,Gd,1111.0,1417.0,1417,511.0,2,209.0,Gd,1998,20,1997,210000
